,1,2,3,4,5,6,7,8,9,10,11,12,20,21,22,23,24,25,26,27,28,29,30,31,32,33,34,35,36,37,38,39,40,41,42,43,44,45,46,47,48,49,50,51,52,53,54,55,56,57,58,59,60,61
0,18-24,Male,Denmark,Undergraduate,Finance / Accounting,Once every three months,Strongly disagree,Agree,Neither agree nor disagree,Food and Beverages,Agree,nan,Yes,5,Yes,4,Yes,5,No,2,Yes,3,Yes,4,Yes,4,No,3,Yes,2,Yes,3,No,5,No,4,No,4,Yes,4,Maybe,3,Yes,3,No,2,Maybe,3,No,1,Yes,4,No,3
1,25-34,Female,United States,Part-time Employee,Other,Once every three months,Agree,Strongly agree,Agree,Toys and Games|Books and Media,Neither agree nor disagree,nan,Yes,2,No,3,Yes,2,No,1,Yes,4,Yes,4,Yes,4,Yes,5,No,3,Yes,2,No,3,Yes,4,Yes,4,No,5,Maybe,2,No,3,Maybe,3,Yes,5,Yes,1,Yes,1,No,3
2,25-34,Male,Denmark,Unemployed,Technology / IT,Rarely / Never,Strongly disagree,Strongly disagree,Strongly disagree,,Neither agree nor disagree,"For someone doing it a lot, maybe some form of counter i.e ""this month you have purchased 20 pieces of clothes, are you suuuuuuure you need this?""  Otherwise, i think something that shows transparency in the Co2 waste of this purchase, I think it would deter a lot of purchases from the more cheap sketchy sites if that it is the goal ofc. ",Yes,4,No,4,Maybe,3,No,2,Yes,5,Yes,3,Yes,2,No,,Yes,3,Yes,4,No,4,No,3,No,4,Yes,4,No,2,Yes,5,Yes,5,Maybe,3,Yes,5,No,3,No,3
3,25-34,Male,Denmark,Graduate / Postgraduate,Technology / IT,Once a month,Neither agree nor disagree,Neither agree nor disagree,Neither agree nor disagree,Electronics and Gadgets|Toys and Games|Health and Beauty Products,Neither agree nor disagree,Maybe a counter that shows the amount of impulse buys you’ve made recently and the money you’ve spent ,Yes,4,No,4,Maybe,2,Maybe,2,Yes,4,Maybe,3,No,3,No,4,Yes,4,Yes,4,No,5,No,4,No,5,No,5,No,1,No,4,No,3,Maybe,3,Maybe,2,Maybe,2,No,3
4,25-34,Male,Finland,Undergraduate,Finance / Accounting,Once every three months,Disagree,Agree,Agree,Electronics and Gadgets|Clothing and Accessories,Neither agree nor disagree,Just ask me twice if I truly need the product. ,Yes,5,No,4,No,5,No,3,Yes,5,Yes,5,No,3,Yes,5,Maybe,4,Yes,4,Yes,3,No,3,No,4,Yes,3,Maybe,4,No,4,Yes,4,No,3,Yes,4,Maybe,3,No,3
5,18-24,Male,Netherlands,Part-time Employee,Finance / Accounting,2-3 times a month,Disagree,Neither agree nor disagree,Disagree,Electronics and Gadgets|Clothing and Accessories|Food and Beverages|Travel and Experiences,Disagree,Limiting the amount of relevant ada exposure and Highlighting negative feedback about the products,Yes,3,Yes,5,Yes,5,Yes,5,Yes,5,Yes,2,No,3,Yes,5,Yes,4,Yes,3,No,3,Yes,1,Yes,5,Yes,5,Yes,1,Yes,5,Yes,4,Yes,2,Yes,4,Yes,5,Yes,3
6,25-34,Female,Denmark,Graduate / Postgraduate,Technology / IT,Rarely / Never,Strongly disagree,Neither agree nor disagree,Neither agree nor disagree,Health and Beauty Products,Disagree,,Yes,4,Yes,5,Yes,4,No,,Yes,3,Yes,4,No,,Yes,,Yes,3,Yes,2,No,,No,,No,,Maybe,,No,,Yes,2,No,,No,,No,,No,,No,
7,55-64,Female,United Kingdom,Prefer not to say,No industry,Rarely / Never,Strongly disagree,Disagree,Neither agree nor disagree,,Strongly disagree,"Something that would block 'suggestions' under the top few searches, a reminder 'do you really need this?' reminder of the environmental impact, asking if you can afford this, ",Yes,4,Yes,4,Maybe,3,Yes,1,Yes,4,Maybe,3,No,4,No,,Yes,3,Yes,5,No,,No,,No,,No,,Yes,4,No,,Maybe,2,Yes,5,Yes,3,Yes,4,Yes,4
8,35-44,Female,Italy,Full-time Employee,Education / Academic,2-3 times a month,Neither agree nor disagree,Disagree,Disagree,Clothing and Accessories|Travel and Experiences,Disagree,A tool that stop your purchases when you go beyond a amount,Yes,4,Yes,4,Yes,3,Yes,4,Yes,4,Yes,5,Yes,4,Yes,4,Yes,4,Yes,4,No,3,No,3,No,3,Maybe,5,Yes,4,Yes,4,Maybe,5,Yes,4,No,4,Yes,4,Yes,4
10,18-24,Female,United Kingdom,Graduate / Postgraduate,No industry,Once every three months,Disagree,Disagree,Disagree,Clothing and Accessories|Home and Garden|Books and Media|Food and Beverages,Neither agree nor disagree,Not really as it’s not something I think I personally have a problem with. ,Yes,5,Yes,3,Maybe,3,No,1,Yes,5,Yes,4,No,5,Maybe,1,Yes,4,Maybe,2,No,1,No,1,No,1,Yes,3,No,2,No,2,No,1,No,3,No,2,No,1,Yes,5
11,25-34,Male,Denmark,Undergraduate,Design / Creative Work,Once every three months,Disagree,Neither agree nor disagree,Neither agree nor disagree,Clothing and Accessories|Electronics and Gadgets|Books and Media|Sports and Fitness Equipment,Disagree,,Yes,2,No,3,Yes,4,No,3,Yes,5,Yes,4,Yes,3,Yes,5,Yes,3,Yes,4,No,3,No,3,No,3,No,3,Yes,4,Yes,4,Yes,4,Yes,3,No,3,No,3,No,3
12,18-24,Male,Brazil,Undergraduate,Technology / IT,Rarely / Never,Disagree,Strongly disagree,Disagree,Toys and Games,Agree,"Some text tips, like ""Would you still use this product in the next month?"" and a breathing exercise before completing the purchase.",Yes,5,No,,Yes,2,No,,Yes,5,Yes,4,No,4,Yes,2,No,,Yes,5,No,,No,4,No,,No,,Yes,,No,5,No,,No,,No,,No,4,No,
13,18-24,Female,Kazakhstan,Undergraduate,Other,Once a month,Agree,Disagree,Disagree,Home and Garden,Disagree,,Yes,3,Yes,3,No,3,Yes,1,Yes,5,No,3,No,1,Yes,5,Yes,5,Yes,5,No,1,No,1,No,1,Yes,1,No,1,No,1,Yes,4,Yes,3,No,1,Yes,3,No,4
15,18-24,Non-binary / Gender diverse,United States,Undergraduate,No industry,Once every three months,Disagree,Neither agree nor disagree,Disagree,Health and Beauty Products|Clothing and Accessories,Disagree,,Yes,4,No,3,Yes,3,Yes,3,Yes,4,Yes,5,No,4,No,3,Yes,4,Yes,5,No,3,No,2,No,2,No,2,Yes,3,Yes,5,Yes,3,Yes,4,Yes,4,Yes,4,Yes,4
16,25-34,Female,Denmark,Undergraduate,Education / Academic,Rarely / Never,Disagree,Neither agree nor disagree,Disagree,Home and Garden|Health and Beauty Products,Neither agree nor disagree,,Yes,5,No,,Yes,5,No,,Yes,4,Yes,5,No,,Yes,5,Yes,4,Yes,3,No,,No,,No,,No,,No,,Maybe,3,No,,Yes,3,Yes,4,Yes,4,Yes,5
17,35-44,Female,United States,Full-time Employee,Manufacturing / Construction,Rarely / Never,Strongly disagree,Strongly disagree,Agree,Home and Garden,Strongly disagree,,Yes,3,Yes,5,No,1,No,1,No,3,No,2,No,3,No,5,No,1,Yes,3,No,4,No,5,No,2,Yes,3,Yes,3,Maybe,2,No,2,No,3,No,2,Maybe,2,No,1
18,18-24,Female,Iran,Graduate / Postgraduate,Technology / IT,Once a month,Disagree,Disagree,Disagree,Clothing and Accessories|Food and Beverages|Toys and Games|Home and Garden|Books and Media,Strongly agree,,Yes,4,No,1,Yes,4,No,4,Yes,4,No,2,No,1,No,4,Yes,4,Yes,5,No,4,No,4,No,4,Yes,2,Yes,4,Yes,3,Yes,2,Yes,4,Yes,4,Yes,3,No,3
19,45-54,Female,Denmark,Full-time Employee,Technology / IT,2-3 times a month,Agree,Agree,Disagree,Clothing and Accessories,Agree,"Think 24 hours 
Get a blocker on my card ;-)",Maybe,5,Yes,4,No,5,No,1,Yes,3,Yes,3,Maybe,3,Yes,3,No,5,Yes,1,No,4,No,4,No,2,Yes,4,Yes,3,Yes,5,No,2,No,3,No,2,No,2,No,4
20,25-34,Female,United States,Graduate / Postgraduate,Education / Academic,Once every three months,Disagree,Neither agree nor disagree,Neither agree nor disagree,Clothing and Accessories|Health and Beauty Products|Home and Garden,Neither agree nor disagree,If it requires a lot of steps to buy the item (ie needing to sign up for an account) then I would be less inclined to act impulsively because I would not want to do more work ,Yes,4,Yes,2,Yes,3,Yes,3,Yes,5,Yes,3,No,1,No,2,Yes,3,Yes,3,No,2,No,4,Yes,3,Yes,5,Maybe,2,Yes,4,Yes,4,Yes,5,Yes,3,Yes,4,Yes,4
21,25-34,Male,Denmark,Graduate / Postgraduate,Technology / IT,Rarely / Never,Strongly disagree,Neither agree nor disagree,Neither agree nor disagree,,Disagree,,No,4,No,4,No,2,No,3,No,3,No,4,No,2,Yes,5,No,4,No,3,No,3,No,4,No,3,No,3,No,3,No,4,No,2,No,2,No,3,No,3,No,3
22,25-34,Female,Denmark,Full-time Employee,Other,Once a month,Agree,Neither agree nor disagree,Disagree,Clothing and Accessories|Health and Beauty Products|Sports and Fitness Equipment,Neither agree nor disagree,,No,3,Yes,4,No,2,No,1,No,1,Yes,2,No,1,No,1,Maybe,3,No,2,No,2,No,5,No,4,No,4,No,3,No,2,No,1,No,4,No,2,No,2,Maybe,3
23,25-34,Male,Netherlands,Part-time Employee,Other,Daily,Neither agree nor disagree,Agree,Agree,,Agree,Reminders,Yes,4,No,3,Yes,5,No,1,No,2,No,1,No,1,No,1,No,4,Yes,5,No,4,No,3,No,4,No,4,No,1,No,3,No,4,No,4,No,2,No,3,No,2
24,18-24,Female,United States,Part-time Employee,Education / Academic,Once a month,Agree,Strongly agree,Strongly agree,Clothing and Accessories|Food and Beverages|Books and Media,Strongly agree,,Yes,1,No,2,No,2,No,5,No,5,No,4,No,3,No,4,No,4,No,4,Yes,5,No,5,Yes,5,Yes,5,No,3,Yes,5,No,3,No,4,No,3,No,4,No,5
25,25-34,Male,Finland,Undergraduate,Government / Public Sector,Once every three months,Neither agree nor disagree,Agree,Neither agree nor disagree,Clothing and Accessories|Toys and Games|Books and Media|Electronics and Gadgets|Home and Garden,Agree,"I think if I was questioned if I truly needed the product before I click to purchase and pay, more than half of the ""stupid"" purchases wouldn't go through. It's that simple. Just question my decisions and make me think twice. ",Yes,5,No,3,No,5,No,3,Yes,5,Yes,4,No,2,No,3,Maybe,5,No,4,No,3,No,4,No,4,No,3,Yes,3,No,5,Maybe,3,Yes,3,No,4,No,4,No,4
26,25-34,Female,United States,Full-time Employee,Technology / IT,Multiple times a week,Agree,Strongly agree,Neither agree nor disagree,Clothing and Accessories|Health and Beauty Products|Books and Media|Food and Beverages,Agree,"I don't feel like anti-impulse shopping can be fully resolved with technology/apps if that's what ""tool"" in the question refers to... The actual tool against impulse shopping would have to be more social/community involvement.",Yes,1,Yes,2,Yes,2,Yes,2,Maybe,2,Yes,3,Yes,1,Maybe,3,Yes,2,Yes,4,Yes,4,No,1,Yes,3,Yes,3,Yes,2,Yes,3,Yes,4,Yes,4,Yes,3,Yes,2,Yes,3
27,45-54,Female,United States,Prefer not to say,No industry,Multiple times a week,Strongly agree,Strongly agree,Agree,Electronics and Gadgets|Clothing and Accessories|Toys and Games|Books and Media|Sports and Fitness Equipment|Home and Garden|Health and Beauty Products,Strongly agree,,No,4,Yes,3,No,3,No,3,Yes,3,Yes,2,No,4,Yes,4,No,1,Yes,3,No,4,No,2,No,4,No,4,Yes,1,No,4,Yes,3,No,3,Yes,3,No,4,No,3
28,25-34,Male,United States,Full-time Employee,Technology / IT,Daily,Strongly agree,Strongly agree,Neither agree nor disagree,Books and Media,Strongly agree,,Maybe,2,Yes,2,Maybe,2,Maybe,4,Yes,1,Yes,1,Yes,3,Yes,1,Maybe,2,Yes,1,No,5,Yes,3,No,1,Yes,2,No,3,No,2,Maybe,2,Maybe,3,Maybe,3,Yes,5,Maybe,5
29,25-34,Female,Australia,Full-time Employee,Education / Academic,Rarely / Never,Strongly disagree,Neither agree nor disagree,Neither agree nor disagree,,Strongly disagree,,Yes,5,Yes,5,No,3,No,1,Yes,5,Yes,2,No,3,Yes,5,Yes,5,Yes,5,No,1,No,3,No,3,Yes,3,Yes,1,No,3,No,3,No,3,Yes,3,Yes,4,No,1
30,18-24,Female,United States,Undergraduate,Other,Once every three months,Disagree,Agree,Disagree,Clothing and Accessories|Health and Beauty Products,Neither agree nor disagree,,Yes,5,No,,No,4,Yes,2,No,,No,,No,,No,,Yes,4,Yes,4,No,3,Maybe,2,Yes,5,Yes,4,No,,Yes,4,No,2,Yes,3,No,,No,,No,
31,25-34,Female,Denmark,Graduate / Postgraduate,Design / Creative Work,Once every three months,Disagree,Neither agree nor disagree,Disagree,Clothing and Accessories|Home and Garden,Agree,,Yes,3,Yes,4,Yes,3,No,3,Yes,3,Yes,4,Yes,2,No,4,Yes,4,Yes,3,No,4,No,3,No,4,No,4,No,3,Yes,3,Yes,4,Yes,4,No,3,Yes,4,Yes,3
32,25-34,Prefer not to say,Mexico,Graduate / Postgraduate,Finance / Accounting,Once a month,Disagree,Agree,Agree,Electronics and Gadgets,Strongly agree,"Some tool that allows you to postpone the purchase, to re-evaluate whether it is really necessary to buy it",Yes,5,Yes,5,No,3,Yes,3,Yes,5,No,3,No,5,Yes,4,Yes,4,Yes,3,No,4,No,5,No,2,Yes,5,No,2,Yes,5,No,4,Yes,4,No,1,No,5,No,5
33,18-24,Female,Singapore,Undergraduate,No industry,Rarely / Never,Disagree,Disagree,Disagree,Clothing and Accessories,Disagree,,Yes,4,No,4,No,2,No,1,Yes,4,No,2,No,3,No,1,Yes,2,Maybe,4,Yes,2,Yes,5,Yes,5,Yes,5,No,1,Yes,4,Yes,4,Yes,1,No,1,No,2,No,1
34,18-24,Female,United States,Undergraduate,Education / Academic,Rarely / Never,Agree,Disagree,Agree,Electronics and Gadgets,Strongly disagree,,Yes,2,No,4,No,1,No,2,Yes,4,Yes,4,Yes,5,No,4,Yes,3,Yes,4,No,2,No,1,No,2,Yes,3,No,1,Yes,4,No,2,No,2,No,3,No,4,No,3
35,18-24,Female,Italy,Undergraduate,Finance / Accounting,Rarely / Never,Disagree,Neither agree nor disagree,Neither agree nor disagree,Food and Beverages,Agree,I think needing to accept the payment on your credit card app is doing the reality check for me.,No,1,Yes,4,Yes,5,No,2,Yes,5,No,3,Yes,5,No,5,Yes,5,Yes,3,No,1,No,1,No,3,Yes,4,Yes,4,Yes,5,No,3,Yes,2,No,2,Yes,4,No,3
36,25-34,Male,Iceland,Part-time Employee,Technology / IT,Once every three months,Strongly disagree,Strongly disagree,Strongly disagree,Toys and Games,Neither agree nor disagree,,Yes,5,No,2,No,4,No,3,Yes,4,Yes,3,No,4,Yes,5,Yes,5,Yes,5,Yes,4,No,3,No,3,No,3,No,3,No,4,No,3,No,4,No,4,No,3,No,3
37,25-34,Female,United States,Full-time Employee,Technology / IT,2-3 times a month,Agree,Agree,Disagree,Clothing and Accessories|Health and Beauty Products,Neither agree nor disagree,,Yes,4,Yes,4,No,4,No,2,Yes,4,Yes,3,No,2,No,1,Yes,5,Yes,3,No,2,No,4,No,5,No,4,No,2,No,4,Yes,3,No,4,Yes,4,Yes,5,No,3
38,25-34,Male,Denmark,Full-time Employee,Technology / IT,Once a month,Neither agree nor disagree,Neither agree nor disagree,Disagree,Electronics and Gadgets|Food and Beverages,Neither agree nor disagree,,Yes,3,No,2,Yes,5,No,3,Yes,5,Yes,4,No,2,No,2,Yes,5,Yes,4,Maybe,3,No,3,Yes,4,Yes,4,No,4,Yes,4,No,3,No,3,Maybe,3,No,3,No,3
39,18-24,Male,United Kingdom,Unemployed,No industry,Once every three months,Disagree,Neither agree nor disagree,Disagree,Clothing and Accessories|Books and Media,Disagree,Slow down the service.... remove any attracting colours and remove time limits ,Yes,3,Yes,3,Yes,5,Yes,2,Yes,5,Yes,4,Yes,5,Yes,5,Yes,5,Yes,2,No,5,Yes,2,Yes,3,Yes,3,Yes,5,No,4,Yes,5,Yes,5,Yes,2,Yes,5,Yes,3
40,18-24,Male,India,Undergraduate,Technology / IT,Once a month,Neither agree nor disagree,Agree,Agree,Clothing and Accessories|Electronics and Gadgets,Agree,,Yes,4,No,3,No,2,Yes,4,Yes,5,No,3,Maybe,4,No,2,No,3,Maybe,4,No,2,No,3,No,4,No,3,No,3,No,3,No,3,No,4,No,4,No,3,Yes,4
41,18-24,Non-binary / Gender diverse,Australia,Undergraduate,Technology / IT,Once a month,Agree,Agree,Agree,Electronics and Gadgets,Agree,I'm not sure,Yes,1,No,3,No,3,Yes,4,No,3,No,4,Yes,4,No,3,Maybe,3,Yes,5,No,3,No,4,No,3,No,3,No,3,Yes,3,Yes,1,No,4,No,2,No,3,No,4
42,18-24,Female,United States,Undergraduate,No industry,Once every three months,Disagree,Neither agree nor disagree,Disagree,Clothing and Accessories|Food and Beverages,Agree,Incorporating a fixed weekly/monthly budget that  set and have to stick to,Yes,5,Yes,4,Yes,3,Yes,3,Yes,4,Yes,5,No,2,No,4,Yes,4,Yes,4,No,4,Yes,5,No,4,Yes,5,Yes,4,Yes,3,No,3,Yes,4,No,2,No,2,Yes,3
43,18-24,Female,United States,Undergraduate,Education / Academic,Once every three months,Agree,Strongly agree,Strongly agree,Clothing and Accessories|Food and Beverages,Strongly agree,,Yes,5,Yes,4,Yes,2,No,3,Yes,2,No,2,Yes,3,Yes,2,No,3,Yes,2,Maybe,2,No,5,Yes,2,Yes,3,Yes,3,Yes,2,Yes,2,Yes,5,Yes,2,Yes,4,No,2
44,25-34,Female,"Korea, South",Graduate / Postgraduate,Technology / IT,Once every three months,Strongly disagree,Strongly disagree,Agree,Clothing and Accessories|Books and Media,Agree,Tool that shows some diagrams like pie charts that compare one's last month or week purchases in real time,Yes,4,Yes,4,No,4,No,2,Yes,5,No,1,No,2,No,5,Yes,4,Yes,4,No,3,No,3,Yes,4,Yes,3,No,2,Yes,4,No,1,Yes,5,Yes,5,No,4,Yes,5
45,18-24,Male,Egypt,Undergraduate,No industry,Once a month,Neither agree nor disagree,Neither agree nor disagree,Neither agree nor disagree,Electronics and Gadgets|Clothing and Accessories,Agree,,No,,No,,No,3,No,,No,3,No,3,No,3,No,,No,,No,3,No,3,No,,No,3,No,,No,3,No,,No,,No,3,No,3,No,,No,
46,35-44,Female,United States,Full-time Employee,Government / Public Sector,Multiple times a week,Strongly agree,Strongly agree,Agree,Electronics and Gadgets|Clothing and Accessories|Health and Beauty Products|Toys and Games,Strongly agree,,No,5,No,4,No,5,No,1,No,3,No,2,No,4,No,2,No,4,Yes,1,Yes,2,No,2,No,4,No,5,No,1,No,5,No,4,No,4,No,1,No,4,No,1
47,18-24,Female,Netherlands,Graduate / Postgraduate,No industry,Once every three months,Strongly disagree,Neither agree nor disagree,Neither agree nor disagree,Clothing and Accessories|Health and Beauty Products,Agree,,Yes,5,Yes,5,Yes,4,No,3,Yes,4,Yes,3,No,2,No,3,Yes,4,Yes,4,No,4,No,2,No,3,No,3,No,3,Yes,4,No,2,Yes,4,No,2,Yes,4,Yes,5
48,25-34,Prefer not to say,Denmark,Full-time Employee,Government / Public Sector,Rarely / Never,Strongly disagree,Neither agree nor disagree,Disagree,Toys and Games|Food and Beverages|Electronics and Gadgets,Strongly disagree,,Yes,5,No,2,Yes,2,No,1,Yes,5,No,1,No,4,Yes,3,Yes,4,Yes,2,No,4,No,1,No,4,No,4,No,4,Yes,3,No,1,Yes,4,No,1,No,1,No,2
49,25-34,Male,Denmark,Full-time Employee,Technology / IT,Rarely / Never,Strongly disagree,Neither agree nor disagree,Neither agree nor disagree,,Strongly disagree,,Yes,5,Yes,5,Yes,5,No,1,Yes,4,Yes,3,Yes,3,Yes,3,Yes,5,Yes,4,No,3,No,2,No,2,No,3,Yes,5,Yes,3,Maybe,2,Yes,3,Yes,3,Yes,3,Yes,4
50,18-24,Female,United States,Graduate / Postgraduate,Design / Creative Work,2-3 times a month,Agree,Agree,Disagree,Clothing and Accessories|Food and Beverages|Electronics and Gadgets,Agree,Some sort of ad blocker maybe? Thats what really kills me is sudden ads that repeatedly pop up for items I might've quickly viewed once. Or maybe a reminder tool of 'you already have XYZ amount of sweater',Yes,5,Yes,3,Yes,3,No,,Yes,3,Yes,5,Yes,2,No,,Yes,2,Yes,4,No,,Yes,2,Yes,3,Yes,4,No,,Yes,4,Yes,1,Yes,2,Yes,2,No,,No,
52,25-34,Female,Australia,Graduate / Postgraduate,Technology / IT,Once every three months,Disagree,Agree,Neither agree nor disagree,Home and Garden,Agree,Plan purchases in problematic categories in advance. ,Yes,4,Yes,5,Yes,4,No,3,No,3,No,3,No,4,Yes,4,Yes,4,Yes,3,No,5,No,3,Yes,5,Yes,5,Yes,3,Yes,5,Yes,5,Yes,4,Yes,3,Yes,3,No,4
53,18-24,Female,Netherlands,Graduate / Postgraduate,Retail / Sales,Rarely / Never,Disagree,Neither agree nor disagree,Agree,Clothing and Accessories|Health and Beauty Products,Strongly disagree,,Yes,5,No,2,Yes,4,No,2,Yes,4,Yes,3,No,1,No,2,Yes,5,Yes,4,No,1,No,2,No,3,No,3,Yes,3,Maybe,2,Yes,2,Yes,3,No,2,Yes,3,Yes,3
54,25-34,Female,United States,Undergraduate,Other,Once a month,Agree,Strongly agree,Neither agree nor disagree,Clothing and Accessories|Health and Beauty Products,Agree,,Yes,3,Yes,4,No,3,Yes,2,Yes,5,Yes,1,No,4,Yes,2,Yes,4,No,3,No,4,Yes,3,No,2,Yes,2,Yes,2,Yes,2,Yes,3,No,4,No,2,Yes,2,Yes,4
55,25-34,Male,Denmark,Full-time Employee,Technology / IT,Once a month,Disagree,Agree,Strongly disagree,Travel and Experiences|Books and Media|Toys and Games|Clothing and Accessories,Agree,"Reminder of online spendings, e.g. via bank app or similar.",Yes,5,Yes,5,Yes,5,Yes,3,Yes,5,Yes,2,No,,Yes,5,Yes,5,Yes,4,No,,No,,No,,Yes,5,Yes,5,Yes,5,Yes,5,No,,No,,Yes,5,No,
56,25-34,Male,India,Graduate / Postgraduate,No industry,2-3 times a month,Neither agree nor disagree,Neither agree nor disagree,Agree,Health and Beauty Products|Clothing and Accessories|Food and Beverages|Electronics and Gadgets|Books and Media|Travel and Experiences|Sports and Fitness Equipment,Agree,,Yes,4,Yes,4,Yes,3,Yes,4,Yes,3,Yes,3,Yes,4,Yes,4,Yes,3,Yes,3,Yes,4,Yes,4,Yes,3,Yes,3,Yes,3,Yes,4,Yes,4,Yes,4,Yes,4,Yes,4,Yes,3
57,35-44,Male,Netherlands,Undergraduate,Technology / IT,Rarely / Never,Disagree,Agree,Agree,Electronics and Gadgets|Toys and Games,Neither agree nor disagree,,Yes,3,Yes,4,Maybe,2,No,3,Yes,3,No,1,No,1,Yes,1,Yes,4,Yes,4,Yes,1,No,3,No,2,Yes,2,Yes,2,Yes,3,Maybe,4,Yes,2,Maybe,3,Yes,3,No,2
58,18-24,Male,United States,Undergraduate,Arts / Entertainment,Rarely / Never,Disagree,Neither agree nor disagree,Agree,Electronics and Gadgets,Neither agree nor disagree,,Yes,4,No,5,Maybe,4,No,3,Yes,4,Yes,5,Maybe,4,No,3,Yes,4,Yes,5,No,3,No,3,No,2,Yes,4,Maybe,3,Yes,4,Yes,5,No,3,Yes,5,Maybe,3,Maybe,4
59,25-34,Female,Denmark,Undergraduate,Technology / IT,Once every three months,Disagree,Neither agree nor disagree,Disagree,Clothing and Accessories|Health and Beauty Products,Agree,Maybe something that maybe makes it clear that this is an impulse. For example an extension on your browser. ,Yes,5,Yes,5,No,2,No,2,Yes,5,No,2,No,4,Yes,3,Yes,3,No,3,No,4,No,2,No,4,No,5,No,2,No,3,No,3,Yes,4,Yes,5,Yes,5,No,2
60,25-34,Female,Denmark,Full-time Employee,Technology / IT,2-3 times a month,Agree,Agree,Neither agree nor disagree,Clothing and Accessories|Health and Beauty Products,Agree,,Yes,4,Yes,4,Maybe,3,No,2,No,3,Yes,4,No,1,No,3,Yes,4,Yes,4,No,2,No,3,No,3,No,3,No,2,No,3,No,3,Yes,3,No,3,No,4,No,4
61,55-64,Male,United States,Unemployed,Education / Academic,Once every three months,Strongly disagree,Strongly disagree,Strongly disagree,Food and Beverages|Books and Media,Strongly disagree,No. This is not a problem I have so I don't need any tool.,Yes,5,No,1,Yes,5,No,1,Yes,5,Yes,5,No,1,Yes,5,Yes,5,Yes,5,No,1,No,1,No,1,Yes,5,Yes,3,Yes,3,No,1,Yes,5,No,1,Yes,5,Yes,5
62,35-44,Male,Australia,Part-time Employee,Technology / IT,Once a month,Disagree,Neither agree nor disagree,Strongly disagree,Electronics and Gadgets|Home and Garden,Disagree,,Yes,4,Yes,5,Yes,1,No,4,Yes,5,Yes,3,No,3,Yes,4,No,1,Yes,5,No,1,No,4,Yes,5,Yes,5,No,1,No,1,Yes,3,Yes,4,No,1,No,1,No,4
63,18-24,Female,Hungary,Graduate / Postgraduate,Other,Once every three months,Neither agree nor disagree,Neither agree nor disagree,Neither agree nor disagree,Clothing and Accessories|Travel and Experiences|Books and Media|Health and Beauty Products,Neither agree nor disagree,,Yes,4,Yes,4,Yes,5,No,3,Yes,5,Yes,5,No,5,Maybe,5,Yes,5,Yes,4,No,4,No,3,Maybe,4,Maybe,4,Maybe,4,No,4,Maybe,4,Maybe,3,Maybe,4,No,4,No,4
64,18-24,Female,United States,Graduate / Postgraduate,No industry,2-3 times a month,Agree,Neither agree nor disagree,Neither agree nor disagree,Electronics and Gadgets|Clothing and Accessories|Health and Beauty Products|Food and Beverages|Travel and Experiences|Sports and Fitness Equipment,Neither agree nor disagree,,Yes,4,Yes,4,No,4,No,2,Yes,5,No,2,No,3,No,4,Yes,4,Yes,5,No,3,No,4,No,4,Yes,5,Yes,4,No,4,No,3,No,3,No,3,Yes,5,Yes,4
65,18-24,Non-binary / Gender diverse,United Kingdom,Undergraduate,Other,Once every three months,Agree,Strongly agree,Neither agree nor disagree,Clothing and Accessories|Toys and Games,Strongly agree,,Yes,3,Maybe,2,Yes,4,No,2,Yes,3,Yes,4,Yes,5,No,,Yes,3,Yes,4,No,3,Yes,3,Yes,5,Yes,5,Yes,4,Yes,4,Yes,3,Yes,4,No,3,No,1,Yes,4
66,25-34,Male,Denmark,Self-employed / Business Owner,Design / Creative Work,Once every three months,Disagree,Disagree,Disagree,Clothing and Accessories|Electronics and Gadgets|Health and Beauty Products|Books and Media|Travel and Experiences,Strongly disagree,,No,,No,,Yes,4,No,,Yes,5,No,,No,,Yes,3,Yes,5,No,,No,,No,,No,,No,,No,,Yes,5,No,,Yes,5,Yes,2,No,,No,
67,25-34,Female,United States,Seasonal / Contract Worker,Government / Public Sector,Once every three months,Agree,Strongly agree,Neither agree nor disagree,Clothing and Accessories|Health and Beauty Products|Books and Media,Agree,,Yes,3,Yes,4,Yes,5,No,3,Yes,2,Yes,4,No,5,No,5,No,5,No,2,No,5,No,5,No,2,No,2,No,3,Yes,4,No,2,No,5,No,4,No,5,No,4
68,35-44,Male,United States,Unemployed,No industry,Rarely / Never,Neither agree nor disagree,Neither agree nor disagree,Neither agree nor disagree,,Strongly disagree,,Yes,3,No,1,No,1,No,1,Maybe,2,Maybe,2,No,1,No,1,Maybe,2,Yes,2,No,1,No,1,No,1,No,1,No,1,No,1,Maybe,2,Yes,4,No,1,No,1,No,1
69,25-34,Female,United States,Self-employed / Business Owner,Other,Multiple times a week,Agree,Strongly agree,Agree,Clothing and Accessories|Health and Beauty Products|Food and Beverages,Agree,,Maybe,3,Yes,4,Maybe,3,No,,Yes,3,Yes,4,Yes,3,No,,No,3,No,,Yes,3,No,4,Yes,3,Yes,1,No,3,Yes,4,No,,Maybe,4,Maybe,3,Yes,2,Maybe,
70,25-34,Male,Denmark,Graduate / Postgraduate,Technology / IT,Rarely / Never,Strongly disagree,Disagree,Disagree,Toys and Games|Electronics and Gadgets,Disagree,Time locking feature. I see something i like but im not able to buy it before a sertain timelimiet (2-3days etc),Yes,4,No,5,Maybe,3,No,2,No,2,No,3,No,3,Yes,4,No,3,Yes,4,No,5,No,4,No,4,No,3,No,3,No,4,No,3,No,4,No,4,Yes,3,No,3
71,25-34,Female,Canada,Part-time Employee,Non-profit / Social Work,Rarely / Never,Strongly disagree,Neither agree nor disagree,Neither agree nor disagree,Home and Garden|Toys and Games,Agree,"Rewards for waiting before purchasing something 
A journaling tool that makes you write out the pros and cons of the item before you buy it 
A budget allowance for impulse buys (so that people don't have to go full cold turkey - that could discourage people from using the app) ",Yes,5,Yes,3,Yes,5,No,2,Yes,3,Yes,3,No,3,Yes,4,Yes,1,Yes,4,No,2,No,2,No,4,Yes,4,Yes,4,Yes,4,Yes,3,Yes,5,Maybe,3,Yes,5,Maybe,5
72,18-24,Male,United States,Undergraduate,No industry,Once a month,Disagree,Disagree,Agree,Books and Media|Electronics and Gadgets|Clothing and Accessories,Agree,,Yes,4,No,4,No,2,Yes,4,Yes,4,Yes,4,No,2,Yes,4,Yes,4,Yes,4,No,4,No,2,No,4,No,4,No,4,No,2,Yes,4,Yes,3,Yes,4,Yes,5,Yes,4
73,25-34,Male,Denmark,Graduate / Postgraduate,Technology / IT,Once every three months,Strongly disagree,Neither agree nor disagree,Agree,Electronics and Gadgets|Clothing and Accessories|Sports and Fitness Equipment|Travel and Experiences,Agree,,Yes,3,Yes,5,Yes,4,No,2,Yes,5,Yes,5,No,1,Yes,5,Yes,4,No,5,No,1,No,1,No,1,Yes,3,Yes,4,Yes,2,Yes,3,Yes,3,No,1,Yes,5,Yes,5
74,25-34,Female,Portugal,Self-employed / Business Owner,Technology / IT,Once every three months,Neither agree nor disagree,Agree,Agree,Clothing and Accessories|Health and Beauty Products|Sports and Fitness Equipment,Agree,Gamification,Yes,2,Yes,5,Yes,4,No,2,Yes,3,Yes,2,No,1,Yes,2,Yes,4,Yes,1,No,4,Yes,4,Yes,3,Yes,5,No,3,No,4,No,2,Yes,3,No,2,Yes,2,Yes,2
75,25-34,Prefer not to say,United States,Undergraduate,Technology / IT,Once a month,Agree,Agree,Disagree,Food and Beverages|Clothing and Accessories|Books and Media,Agree,Maybe something that asks if you are sure before buying something,Yes,3,No,4,Yes,3,Yes,2,No,5,Yes,3,No,1,Yes,2,No,2,Yes,2,No,4,No,1,Yes,4,Yes,4,No,2,Yes,5,No,4,No,3,Yes,4,Yes,5,No,4
76,18-24,Male,Canada,Undergraduate,Finance / Accounting,2-3 times a month,Agree,Neither agree nor disagree,Agree,Electronics and Gadgets|Clothing and Accessories|Health and Beauty Products|Food and Beverages,Agree,"Maybe a historical price tracking so that we could wait for the price to drop to the lowest. The more time wait, the less chance we might actually buy it",Yes,3,No,2,No,1,Yes,4,Yes,4,No,2,No,5,Yes,1,Yes,4,Yes,4,No,2,No,1,Yes,2,No,2,No,2,Yes,4,Yes,3,Yes,4,No,1,Yes,2,Yes,2
77,18-24,Female,United States,Freelancer / Gig Worker,No industry,Once a month,Neither agree nor disagree,Agree,Neither agree nor disagree,Clothing and Accessories|Books and Media|Sports and Fitness Equipment,Agree,"I can’t think of any, sometimes I try discussing things I buy or planned to buy with an AI chat bot or something like ask if it would be worth buying and I’ll try to give a reason why I think I should buy it or not, this helps me think more about the purchase. ",Yes,4,Maybe,4,Yes,4,Yes,4,Yes,4,Yes,4,Maybe,2,No,3,Yes,3,Yes,4,No,4,No,4,No,3,Maybe,3,No,4,Yes,3,Yes,4,Maybe,3,Yes,5,Yes,4,Yes,4
78,18-24,Female,Singapore,Undergraduate,No industry,Rarely / Never,Strongly disagree,Neither agree nor disagree,Neither agree nor disagree,,Disagree,,No,3,No,3,Yes,5,No,4,Yes,4,No,4,Yes,4,No,3,Yes,4,Yes,5,No,3,No,3,Yes,5,Yes,5,Yes,5,No,4,Yes,5,Yes,5,No,2,Yes,5,No,3
79,25-34,Male,Denmark,Full-time Employee,Technology / IT,Once a month,Agree,Agree,Disagree,Clothing and Accessories,Agree,,Yes,2,No,4,Yes,4,Maybe,,Yes,3,Yes,5,No,,Yes,1,Yes,5,Yes,1,No,,No,,No,,No,,No,,Yes,3,No,,No,,Yes,5,No,,No,
81,18-24,Female,United States,Prefer not to say,No industry,Once a week,Neither agree nor disagree,Agree,Strongly agree,Clothing and Accessories|Food and Beverages,Strongly agree,Maybe something that constantly ask the user if they are sure they like the product. Like having them imagine if they would be using for the next 3 years or just for 1 week.,Yes,5,Yes,5,Yes,5,Maybe,1,Yes,5,Yes,5,No,1,No,1,Yes,5,Yes,5,No,1,No,2,Yes,3,Yes,4,Yes,4,Yes,5,Yes,3,Yes,5,No,1,No,1,Yes,3
82,25-34,Male,Denmark,Full-time Employee,Technology / IT,Once a month,Disagree,Agree,Agree,Clothing and Accessories|Books and Media,Agree,,Yes,3,Yes,4,Yes,5,No,3,Yes,4,Yes,4,No,3,Yes,4,No,4,Yes,4,No,3,No,2,Yes,2,Yes,3,No,3,Yes,4,Yes,4,Yes,4,Yes,4,Yes,3,Yes,3
83,25-34,Male,Canada,Full-time Employee,Technology / IT,Rarely / Never,Strongly disagree,Neither agree nor disagree,Agree,,Neither agree nor disagree,,Yes,2,Yes,5,Yes,2,No,1,Yes,3,No,3,Yes,5,No,1,Yes,5,Yes,5,No,5,No,2,No,3,No,5,No,4,No,1,Yes,3,Yes,4,Yes,3,Yes,2,Yes,5
84,25-34,Male,Denmark,Full-time Employee,Technology / IT,Once every three months,Disagree,Neither agree nor disagree,Disagree,Sports and Fitness Equipment|Travel and Experiences,Disagree,,Yes,4,Yes,5,Yes,5,No,4,Yes,5,Yes,3,No,5,Yes,5,Yes,5,Yes,2,No,1,No,2,No,3,No,5,No,2,Yes,5,No,2,Yes,5,No,5,No,2,No,3
85,25-34,Male,Canada,Full-time Employee,Technology / IT,Rarely / Never,Strongly disagree,Disagree,Disagree,Home and Garden|Food and Beverages,Disagree,,Yes,4,Maybe,4,Maybe,3,Yes,1,Yes,5,Yes,4,No,1,Maybe,3,Yes,5,Yes,4,No,1,No,2,No,2,Yes,3,Yes,3,Yes,1,No,2,Yes,4,Maybe,4,Maybe,3,Maybe,2
86,18-24,Female,Czech Republic,Undergraduate,Healthcare / Medical,Rarely / Never,Strongly disagree,Strongly disagree,Neither agree nor disagree,Health and Beauty Products,Strongly disagree,"Multiple phases that one would have to go through to complete a purchase/an app that interrupts purchases with questions like ""is this useful to you/how much do you need this?""",No,2,No,4,No,3,No,2,No,2,No,3,No,4,No,3,No,2,No,3,No,4,No,5,No,,Yes,4,No,1,No,3,No,2,No,3,No,2,No,4,No,3
87,18-24,Male,Denmark,Graduate / Postgraduate,Technology / IT,Rarely / Never,Strongly disagree,Strongly disagree,Strongly disagree,,Strongly disagree,,No,,No,,No,,No,,No,,No,,No,,No,,No,,No,,No,,No,,No,,No,,No,,No,,No,,No,,No,,No,,No,
88,18-24,Female,Norway,Part-time Employee,Retail / Sales,2-3 times a month,Agree,Neither agree nor disagree,Disagree,Clothing and Accessories|Health and Beauty Products|Travel and Experiences,Agree,,Yes,4,Yes,5,Yes,4,No,1,Yes,4,Yes,3,No,2,No,4,Maybe,3,Maybe,3,No,3,No,2,Maybe,4,Yes,5,Yes,5,Yes,1,Yes,4,Yes,4,No,2,No,3,Maybe,2
89,18-24,Female,United Kingdom,Undergraduate,Technology / IT,Rarely / Never,Strongly disagree,Strongly disagree,Strongly disagree,Electronics and Gadgets|Clothing and Accessories,Agree,,Yes,3,Yes,5,Yes,5,Yes,1,Yes,5,Yes,5,No,5,Yes,5,Yes,5,Yes,5,No,5,Yes,5,Yes,3,Yes,5,No,1,Yes,5,Yes,5,Yes,4,Yes,5,Yes,5,Yes,5
90,35-44,Male,Denmark,Full-time Employee,Technology / IT,Once every three months,Strongly disagree,Disagree,Neither agree nor disagree,Food and Beverages,Disagree,,Yes,4,No,3,No,3,No,3,Yes,4,No,3,No,3,Yes,3,Yes,2,Yes,4,No,3,No,3,No,3,Yes,2,Yes,3,No,5,No,3,No,3,Yes,3,No,3,No,3
91,25-34,Female,Hungary,Full-time Employee,Technology / IT,Rarely / Never,Strongly disagree,Neither agree nor disagree,Disagree,Home and Garden,Disagree,Maybe stop bombarding everyone with ads. Or just install ublock origin and get rid of this problem once and for all. It worked for me.,Yes,3,Yes,4,Yes,2,No,3,Yes,4,Yes,5,Yes,5,Yes,5,Yes,4,No,2,Yes,4,No,1,No,1,Yes,1,No,2,Maybe,5,No,3,Yes,4,Yes,4,Yes,5,No,3
92,25-34,Male,Denmark,Full-time Employee,Technology / IT,Rarely / Never,Strongly disagree,Strongly disagree,Strongly disagree,Electronics and Gadgets|Home and Garden|Toys and Games|Books and Media,Neither agree nor disagree,,Yes,,Yes,,Yes,,No,,Yes,,Yes,,No,,Yes,,Yes,,Yes,,No,,No,,Yes,,Maybe,,Yes,,No,,No,,Yes,,No,,Yes,,No,
93,25-34,Male,Denmark,Full-time Employee,Technology / IT,Once every three months,Disagree,Neither agree nor disagree,Neither agree nor disagree,Electronics and Gadgets|Toys and Games|Books and Media|Travel and Experiences,Disagree,,Yes,4,No,4,No,3,No,1,Yes,4,No,3,No,3,No,3,Yes,5,Yes,4,No,5,No,4,No,4,No,4,No,2,No,4,No,3,Maybe,4,Yes,4,Yes,5,Yes,3
94,18-24,Female,United States,Undergraduate,Hospitality / Service Industry,Once every three months,Disagree,Disagree,Disagree,Health and Beauty Products|Clothing and Accessories,Disagree,n/a,Yes,5,No,1,Yes,4,No,1,Yes,5,Yes,3,No,1,No,1,Yes,4,Yes,4,No,1,No,1,No,1,Yes,5,No,1,Yes,2,No,1,Yes,5,No,1,No,1,No,1
95,25-34,Female,United States,Full-time Employee,Non-profit / Social Work,Rarely / Never,Strongly disagree,Strongly disagree,Neither agree nor disagree,Books and Media|Toys and Games|Home and Garden,Strongly disagree,Notes to self for future purchasing considerations,Yes,5,Yes,3,Yes,2,No,2,Yes,4,Yes,5,Yes,4,Yes,5,Yes,4,Yes,4,No,,No,1,Yes,2,Yes,2,Yes,4,Maybe,3,No,3,Yes,5,Yes,5,Yes,3,No,4
96,25-34,Male,United States,Full-time Employee,Healthcare / Medical,Once every three months,Agree,Agree,Agree,Electronics and Gadgets|Food and Beverages,Agree,,Yes,4,Yes,4,Yes,4,No,3,Yes,5,No,3,No,3,Yes,4,Maybe,4,No,2,No,3,Yes,4,Yes,3,Yes,4,No,2,Yes,4,No,3,No,3,Yes,4,No,4,No,2
97,18-24,Female,Singapore,Graduate / Postgraduate,Arts / Entertainment,2-3 times a month,Agree,Neither agree nor disagree,Neither agree nor disagree,Electronics and Gadgets|Clothing and Accessories,Agree,Not too sure but maybe a feature that reminds you to weigh the pros and cons. Basically something that allows you to reconfirm your decision before purchasing.,Yes,4,Yes,5,Yes,2,No,1,Yes,4,Yes,2,No,2,No,2,Yes,4,Yes,5,Yes,3,No,4,Yes,3,Yes,4,No,1,Yes,4,No,4,Yes,4,Yes,3,Yes,5,Yes,4
98,25-34,Female,Vietnam,Part-time Employee,Education / Academic,Rarely / Never,Disagree,Neither agree nor disagree,Neither agree nor disagree,,Neither agree nor disagree,,Yes,3,Yes,4,Yes,3,Yes,2,Maybe,3,Yes,4,No,4,Yes,4,Yes,3,Yes,4,No,3,No,2,Yes,4,Yes,4,Maybe,2,Yes,4,Maybe,4,Yes,4,Yes,5,Yes,2,No,2
99,18-24,Female,Lithuania,Graduate / Postgraduate,Design / Creative Work,2-3 times a month,Strongly agree,Strongly agree,Disagree,Clothing and Accessories|Home and Garden|Food and Beverages|Books and Media|Travel and Experiences,Agree,Making it very hard and annoying to put card info every time so you couldn't buy things with one click.,No,1,Yes,4,No,2,Yes,4,Yes,4,Yes,5,Yes,5,No,2,Yes,3,No,2,No,1,No,4,Yes,4,Yes,3,No,2,No,4,No,5,No,2,No,2,No,1,No,3
100,25-34,Male,Denmark,Part-time Employee,Technology / IT,Rarely / Never,Disagree,Neither agree nor disagree,Neither agree nor disagree,Electronics and Gadgets|Travel and Experiences,Neither agree nor disagree,,Yes,5,No,1,Yes,5,No,3,Yes,5,Yes,3,No,1,No,3,Yes,5,Yes,5,No,5,No,3,No,3,Yes,3,Yes,3,Yes,3,No,3,Yes,5,Yes,5,No,1,No,1
101,18-24,Female,Denmark,Graduate / Postgraduate,Technology / IT,Once every three months,Agree,Neither agree nor disagree,Neither agree nor disagree,Clothing and Accessories,Disagree,,No,,No,,No,,No,,Yes,4,No,,No,,No,,No,,No,,No,,No,,No,,No,,No,,Yes,3,No,,Yes,3,No,,No,,No,
102,18-24,Male,United States,Undergraduate,Other,Rarely / Never,Disagree,Neither agree nor disagree,Neither agree nor disagree,Electronics and Gadgets|Clothing and Accessories,Neither agree nor disagree,,Yes,4,Yes,2,No,3,No,3,Yes,5,Yes,4,Yes,3,Yes,4,Yes,5,Yes,5,No,2,No,2,No,2,No,3,No,3,Yes,5,No,2,Yes,4,No,3,Yes,3,No,3
103,25-34,Prefer not to say,United States,Prefer not to say,Education / Academic,Rarely / Never,Disagree,Neither agree nor disagree,Agree,Electronics and Gadgets|Clothing and Accessories|Books and Media,Neither agree nor disagree,,Yes,4,No,,No,,No,,Yes,4,No,,No,,No,,Yes,3,Yes,4,No,,Yes,4,No,,No,,No,,No,,Yes,3,Yes,5,No,,Yes,3,Yes,3
104,18-24,Female,Denmark,Graduate / Postgraduate,No industry,Once every three months,Strongly disagree,Strongly disagree,Disagree,Clothing and Accessories|Health and Beauty Products,Disagree,,Yes,5,Yes,5,Yes,4,Yes,3,Yes,5,No,5,No,4,No,5,Yes,5,Yes,5,No,4,No,3,Maybe,4,Yes,4,Yes,4,Yes,5,No,2,Yes,4,Maybe,3,Maybe,4,Yes,4
105,35-44,Male,United States,Full-time Employee,Technology / IT,Once a month,Disagree,Neither agree nor disagree,Disagree,Books and Media|Electronics and Gadgets|Toys and Games,Neither agree nor disagree,"Blocking of impulse options, especially when looking at items in the store's cart",Yes,2,No,4,Yes,3,No,3,Yes,4,No,4,Yes,2,No,4,Yes,3,No,3,No,4,No,3,No,3,Yes,3,Yes,3,Yes,4,No,4,No,4,No,2,No,3,No,3
106,18-24,Female,United States,Undergraduate,No industry,Once every three months,Neither agree nor disagree,Neither agree nor disagree,Neither agree nor disagree,Books and Media|Clothing and Accessories,Neither agree nor disagree,no,No,3,No,2,No,3,No,3,No,3,No,3,No,3,No,4,No,3,No,3,Maybe,3,Maybe,2,No,3,No,3,No,3,Yes,3,No,3,No,3,Yes,3,No,3,No,2
107,18-24,Male,Germany,Undergraduate,Technology / IT,Once every three months,Disagree,Neither agree nor disagree,Neither agree nor disagree,Books and Media|Clothing and Accessories|Food and Beverages,Disagree,,Yes,5,Yes,5,Yes,4,Yes,5,Yes,5,No,3,Yes,3,No,5,Yes,5,Yes,5,No,2,No,5,Yes,4,Maybe,4,No,1,Yes,5,Maybe,2,Yes,4,No,3,No,4,Maybe,5
108,25-34,Female,United Kingdom,Full-time Employee,Government / Public Sector,Once every three months,Disagree,Agree,Agree,Home and Garden|Health and Beauty Products,Agree,Block the purchase for a few hours after first attempt to make sure it’s still wanted ,Yes,5,No,,Yes,5,Yes,4,Yes,4,Yes,5,Yes,5,Yes,5,Yes,4,Yes,4,No,,No,,No,,Yes,5,No,,Yes,4,Yes,4,Yes,4,Yes,4,Yes,5,Yes,4
109,45-54,Male,Denmark,Full-time Employee,Technology / IT,Rarely / Never,Strongly disagree,Strongly disagree,Strongly disagree,Books and Media,Strongly disagree,,No,,Yes,4,No,,No,,Yes,5,No,,No,,No,,No,,No,,No,,No,,No,,No,,No,,No,,No,,No,,No,,No,,No,
110,18-24,Female,United States,Undergraduate,Education / Academic,Rarely / Never,Neither agree nor disagree,Agree,Agree,Clothing and Accessories|Health and Beauty Products|Books and Media,Strongly agree,,Yes,5,Yes,5,No,,No,,Yes,5,Yes,5,No,,No,,Yes,5,No,,No,,Yes,5,No,,No,,No,,No,,No,,Yes,5,Yes,5,Yes,5,No,
111,18-24,Female,Denmark,Undergraduate,Other,Rarely / Never,Disagree,Disagree,Neither agree nor disagree,,Neither agree nor disagree,,Yes,3,Yes,4,No,4,No,2,Yes,4,Yes,3,No,2,Yes,5,Yes,4,Yes,3,No,4,No,2,No,2,Yes,5,No,1,Yes,4,No,3,Yes,4,Maybe,3,No,4,No,3
112,18-24,Female,United States,Undergraduate,Retail / Sales,Rarely / Never,Disagree,Disagree,Agree,Clothing and Accessories,Disagree,"I think a feature that shows people how much money they have while they're shopping (on the tab they are on) and labels it as LOW-HIGH. I think when some people go on an online shopping spree, they are not aware of what is in their bank account because they do not want to be.",Maybe,4,Yes,3,Yes,5,Yes,4,Yes,4,Yes,5,Yes,5,No,2,Maybe,3,Yes,3,Maybe,4,No,1,Yes,5,Yes,5,Yes,3,Yes,5,Yes,4,Yes,4,Yes,5,Yes,3,No,4
113,25-34,Male,Denmark,Full-time Employee,Technology / IT,Once every three months,Disagree,Agree,Agree,Clothing and Accessories|Toys and Games,Disagree,,Yes,3,No,4,No,2,No,2,Yes,5,No,2,No,2,Yes,2,Yes,3,Yes,4,No,1,No,1,No,1,Yes,5,No,1,No,2,No,3,Maybe,3,Yes,4,Yes,4,Yes,2
114,25-34,Female,United States,Full-time Employee,Other,Once a month,Neither agree nor disagree,Strongly agree,Agree,Clothing and Accessories|Health and Beauty Products|Books and Media|Toys and Games,Neither agree nor disagree,Timer to shut down online browsing window,Yes,5,Yes,5,Yes,5,No,1,Yes,5,Yes,3,Yes,4,No,1,Yes,5,Yes,4,No,1,Yes,2,Yes,4,Yes,5,No,1,Yes,5,Yes,4,Yes,4,Yes,4,Yes,4,Yes,4
115,18-24,Male,Denmark,Undergraduate,Technology / IT,Rarely / Never,Disagree,Strongly disagree,Neither agree nor disagree,Travel and Experiences|Electronics and Gadgets,Disagree,,No,2,No,5,Yes,4,No,2,Yes,3,No,1,No,2,Yes,5,No,2,Yes,2,No,3,No,4,No,2,Maybe,3,No,1,Yes,4,No,4,No,2,No,4,Yes,4,No,1
116,35-44,Female,Denmark,Part-time Employee,Government / Public Sector,Once a month,Strongly disagree,Disagree,Disagree,Clothing and Accessories|Food and Beverages,Strongly disagree,Having to type in all credit card information each time (if phone/computer can't save it. Not being able to use Mobilepay. If it is more difficult to pay you think a bit extra about wanting it or not,Yes,4,Yes,4,Yes,4,No,1,No,3,Yes,2,No,5,Yes,2,Yes,4,Yes,3,Yes,4,No,3,No,3,Yes,3,Yes,4,No,3,No,1,Yes,3,No,1,No,3,Yes,1
117,25-34,Male,Denmark,Full-time Employee,Technology / IT,Rarely / Never,Disagree,Neither agree nor disagree,Neither agree nor disagree,Electronics and Gadgets,Agree,"Check if I've seen or looked at similar items multiple times, and if not would give a recommendation to rethink",Yes,4,No,3,Yes,4,No,3,Yes,5,Yes,4,No,4,Yes,4,Yes,5,Yes,4,No,3,No,2,No,3,Yes,5,No,3,No,4,No,3,Yes,4,No,4,No,3,Yes,4
118,18-24,Male,Germany,Graduate / Postgraduate,No industry,Rarely / Never,Strongly disagree,Neither agree nor disagree,Neither agree nor disagree,,Strongly agree,,Yes,4,Yes,4,Yes,4,No,2,Yes,2,No,4,No,2,Yes,4,No,5,No,3,Yes,5,No,3,No,3,Yes,3,Yes,4,Yes,4,No,2,Yes,4,Yes,3,No,2,No,3
119,25-34,Male,Denmark,Undergraduate,Design / Creative Work,Once a month,Agree,Disagree,Disagree,Electronics and Gadgets|Books and Media,Disagree,A delay on how quickly you can buy the product.,Yes,4,No,5,Yes,5,No,1,Yes,5,Yes,5,No,3,Yes,4,Yes,4,No,4,No,5,No,5,No,3,Yes,4,Yes,3,Yes,5,No,4,Yes,4,Yes,3,Yes,4,Yes,5
120,25-34,Female,Germany,Graduate / Postgraduate,Other,Rarely / Never,Strongly disagree,Strongly disagree,Strongly disagree,Toys and Games,Strongly disagree,"Maybe a question that pops up with ""Would you like to check your bank account first?"" before checkout.",Yes,4,No,,Maybe,2,No,,Yes,4,No,,No,,Yes,5,Yes,5,Yes,4,No,,No,,No,,No,,Maybe,3,No,,No,,No,,No,,No,,Yes,4
121,35-44,Male,United States,Full-time Employee,Other,Rarely / Never,Strongly disagree,Strongly disagree,Strongly disagree,,Strongly disagree,"I do NOT shop online, this survey was emailed to me as for EVERYONE, not as for ""only people who shop online"".",No,,No,,No,,No,,No,,No,,No,,No,,No,,No,,No,,No,,No,,No,,No,,No,,No,,No,,No,,No,,No,
122,25-34,Male,France,Graduate / Postgraduate,Education / Academic,Rarely / Never,Agree,Strongly agree,Agree,Toys and Games,Neither agree nor disagree,,Yes,3,Yes,4,Yes,2,No,3,Yes,2,No,1,No,1,Yes,4,Yes,3,Yes,2,No,1,No,1,No,2,No,1,No,1,No,4,Yes,3,No,2,No,2,Yes,3,Yes,2
123,25-34,Female,United States,Full-time Employee,Other,Once a month,Disagree,Neither agree nor disagree,Disagree,Books and Media|Food and Beverages|Home and Garden,Disagree,Maybe just a screen before the cart asking if you're sure you want to proceed with the purchase. Those 1-click buy options are predatory.,Yes,4,Yes,5,Yes,4,No,,Yes,2,Yes,3,No,,No,,Yes,3,Yes,5,No,,No,,Yes,4,Yes,2,No,,Yes,4,No,,No,,No,,No,,Yes,4
124,18-24,Female,United Kingdom,Undergraduate,Finance / Accounting,Rarely / Never,Disagree,Neither agree nor disagree,Neither agree nor disagree,Clothing and Accessories|Health and Beauty Products|Food and Beverages,Disagree,,Yes,4,No,1,Yes,4,No,2,Yes,3,Yes,5,Yes,3,No,2,Yes,3,Yes,2,No,5,No,1,Yes,3,Yes,2,Yes,4,Yes,4,No,3,Yes,2,Yes,4,Yes,4,No,2
125,45-54,Female,Germany,Self-employed / Business Owner,Technology / IT,Once every three months,Neither agree nor disagree,Strongly agree,Strongly agree,Clothing and Accessories|Health and Beauty Products,Strongly agree,"I find I'm far more likely to impulse purchase when the same thing is shown to me over and over, which happens on Instagram. I just want them to stop. I know I'm being manipulated. ",Yes,4,Yes,4,No,,Yes,1,Yes,3,Yes,4,No,,Yes,1,Yes,3,Yes,3,Yes,4,No,,No,,Yes,2,No,,Yes,4,Yes,1,No,3,Yes,4,Yes,4,Yes,2
126,25-34,Male,Czech Republic,Freelancer / Gig Worker,Technology / IT,Daily,Strongly disagree,Strongly disagree,Strongly disagree,Clothing and Accessories,Strongly disagree,"It would have to reward me money or items for free, because my current purchases are almost free using coupons on chinese websites. Today I bought 20 black keychain carbiners for 0.1euro that is like 0.12dollar shipping included. I'll give some of them to my family members for easy separation from keyring and use others for my many keys.  Every day I get 1$ coupon so my daily purchases range from 0.01$ to 0.25$. And then I also get 100$ in coupons/credits every few months using the chinese apps. I got around 5000$ of items for 60$ so far. I also buy craft materials, craft items and sell them, for example natural stone beads for bracelet craft. Profits are 3000%  on many of these purchases. 

So yeah, if your app does not give me money I do not see it being interesting. I'm in large shopping community and everyone does what I do. The only thing to stop us will be new laws that will make imports insanely expensive, those do exist in some countries already.",Yes,1,Yes,2,Yes,1,Yes,1,Yes,1,Yes,5,Yes,1,Yes,1,Yes,1,Yes,2,Yes,1,Yes,1,Yes,3,Yes,1,Yes,1,Yes,1,Yes,1,Yes,3,Yes,1,Yes,1,Yes,1
127,65+,Female,United States,Undergraduate,Design / Creative Work,Once every three months,Agree,Agree,Disagree,Clothing and Accessories|Health and Beauty Products,Agree,,Yes,3,Yes,3,Yes,3,Yes,3,Yes,4,Yes,1,Yes,5,No,,Yes,4,Yes,3,No,,Yes,2,Yes,4,Yes,4,No,2,Yes,3,No,,Yes,2,Yes,3,No,,Yes,2
128,25-34,Male,Denmark,Undergraduate,Government / Public Sector,Once every three months,Strongly disagree,Strongly disagree,Strongly disagree,Clothing and Accessories,Neither agree nor disagree,,Yes,3,No,2,Yes,4,No,2,No,2,Yes,4,No,2,Yes,1,Yes,3,Yes,4,No,1,No,3,No,1,Yes,4,No,2,Yes,3,Yes,3,No,3,No,1,Yes,5,No,3
129,18-24,Female,Hungary,Full-time Employee,Finance / Accounting,2-3 times a month,Neither agree nor disagree,Agree,Neither agree nor disagree,Health and Beauty Products|Clothing and Accessories|Home and Garden|Books and Media,Agree,,Yes,4,Yes,5,No,5,No,4,Yes,5,Yes,5,Yes,5,Yes,5,No,4,Yes,5,Yes,5,No,2,No,4,No,4,No,4,No,4,Yes,5,No,4,No,4,No,3,Yes,4
130,45-54,Male,Denmark,Full-time Employee,Technology / IT,Once every three months,Disagree,Neither agree nor disagree,Disagree,Toys and Games,Agree,,Yes,5,No,4,No,3,No,4,Yes,5,Yes,5,No,4,Yes,4,Yes,5,No,3,No,4,No,4,No,3,Yes,4,Yes,3,No,4,No,3,Yes,4,Yes,5,Yes,4,No,4
131,18-24,Male,Denmark,Undergraduate,Education / Academic,Rarely / Never,Strongly disagree,Neither agree nor disagree,Strongly disagree,Sports and Fitness Equipment,Neither agree nor disagree,,Yes,3,No,4,No,3,No,2,No,3,No,4,No,2,Yes,4,Yes,5,No,3,No,5,No,1,No,3,Yes,5,Maybe,3,Yes,1,No,1,No,2,No,3,Yes,4,No,4
133,45-54,Male,Germany,Part-time Employee,Education / Academic,Rarely / Never,Strongly disagree,Neither agree nor disagree,Neither agree nor disagree,,Strongly disagree,Working within a legal framework that protects privacy and guarantees data security? Not being itself a scam to begin with?,Yes,3,No,1,No,1,No,1,Yes,2,No,1,No,1,Yes,5,Yes,3,Yes,5,No,3,No,1,No,1,No,1,No,1,No,1,No,1,No,1,No,1,Yes,5,No,1
134,18-24,Female,United States,Undergraduate,Education / Academic,Once every three months,Disagree,Disagree,Disagree,Clothing and Accessories|Health and Beauty Products,Disagree,,Yes,3,Yes,4,No,2,No,2,Yes,4,No,3,No,3,No,4,Yes,3,No,2,No,4,No,3,No,4,No,4,No,3,Yes,3,No,3,Yes,3,No,3,No,2,No,2
136,25-34,Female,Norway,Full-time Employee,Design / Creative Work,2-3 times a month,Neither agree nor disagree,Neither agree nor disagree,Agree,Clothing and Accessories,Agree,,Yes,5,Maybe,3,No,2,No,4,Yes,5,No,3,No,2,No,5,Yes,5,Yes,5,No,3,Maybe,3,Yes,3,Yes,4,Yes,5,Yes,3,Yes,4,Yes,4,Maybe,3,Maybe,3,Maybe,3
137,25-34,Male,Denmark,Full-time Employee,Technology / IT,Once a month,Disagree,Neither agree nor disagree,Disagree,Electronics and Gadgets|Clothing and Accessories|Toys and Games|Sports and Fitness Equipment,Agree,,Yes,3,No,4,No,3,No,1,Yes,4,Yes,5,No,1,Yes,4,Yes,5,Yes,4,No,5,No,1,No,3,Yes,4,No,4,No,5,No,3,Yes,3,Yes,4,No,3,No,2
138,18-24,Non-binary / Gender diverse,Romania,Undergraduate,Technology / IT,2-3 times a month,Disagree,Neither agree nor disagree,Strongly disagree,Travel and Experiences|Clothing and Accessories,Disagree,,Yes,4,Yes,4,Yes,4,No,2,Yes,4,Yes,4,Yes,3,Yes,4,Yes,3,Yes,4,No,4,No,2,No,3,No,4,Yes,4,No,4,No,2,Yes,4,Yes,4,Yes,4,No,3
139,25-34,Male,Czech Republic,Full-time Employee,Technology / IT,Rarely / Never,Strongly disagree,Strongly disagree,Strongly disagree,Electronics and Gadgets,Strongly disagree,lol anti-impulse shopping is that actually a thing?,Yes,5,Yes,5,No,3,No,1,No,2,No,1,No,1,No,3,Yes,5,Yes,5,No,2,No,4,No,3,No,3,No,1,Yes,2,No,2,Yes,4,No,1,No,1,No,1
141,18-24,Female,United States,Full-time Employee,Other,Multiple times a week,Strongly disagree,Strongly disagree,Strongly disagree,Clothing and Accessories|Health and Beauty Products|Home and Garden|Food and Beverages|Travel and Experiences|Electronics and Gadgets,Strongly disagree,,Yes,5,No,3,Yes,5,No,3,Yes,5,Yes,5,No,4,No,2,Yes,5,Yes,5,No,2,No,2,Yes,5,Yes,5,Yes,4,Yes,5,No,4,Yes,5,No,2,Yes,5,Yes,5
142,25-34,Male,Denmark,Graduate / Postgraduate,Technology / IT,Once every three months,Disagree,Neither agree nor disagree,Strongly disagree,Clothing and Accessories|Sports and Fitness Equipment|Electronics and Gadgets,Strongly disagree,I think the main solution is blocking the ads or in other ways ensuring that the user is not being shown them,Yes,5,No,3,Yes,4,No,4,Yes,5,Yes,3,No,1,Yes,5,Yes,5,Yes,5,No,4,No,1,No,3,Yes,4,No,2,No,1,No,1,Yes,4,No,2,Maybe,3,No,2
143,25-34,Female,Denmark,Graduate / Postgraduate,Technology / IT,Rarely / Never,Disagree,Disagree,Neither agree nor disagree,,Neither agree nor disagree,,Yes,2,Yes,5,No,2,No,1,Yes,2,Yes,3,No,2,Yes,4,Yes,3,Yes,3,No,3,No,1,No,3,No,2,No,1,No,1,No,1,Yes,4,Yes,5,No,2,No,3
144,25-34,Male,Denmark,Full-time Employee,Technology / IT,Rarely / Never,Strongly disagree,Disagree,Disagree,,Neither agree nor disagree,Adblocking,Yes,5,Maybe,5,No,3,No,2,Yes,5,No,4,No,1,Yes,5,No,4,Yes,5,No,3,No,4,No,4,No,4,Maybe,3,No,3,No,3,Maybe,3,No,3,No,1,No,3
145,55-64,Prefer not to say,Canada,Prefer not to say,No industry,Once every three months,Disagree,Neither agree nor disagree,Disagree,Electronics and Gadgets,Neither agree nor disagree,Include a weekly/monthly spending limit.,Yes,4,Yes,4,Yes,3,No,3,Yes,5,Yes,4,No,4,Yes,3,Yes,5,Yes,4,No,3,No,3,No,3,Yes,4,Yes,5,Yes,5,Yes,4,Yes,4,Yes,5,Yes,4,Yes,3
146,25-34,Female,United States,Full-time Employee,Education / Academic,Once a month,Agree,Strongly agree,Agree,Clothing and Accessories|Books and Media,Strongly agree,,Yes,5,Yes,5,Yes,5,Maybe,2,No,4,Yes,2,Yes,2,Yes,4,Yes,5,Maybe,,No,2,Yes,5,Yes,5,Yes,5,Yes,4,Yes,5,Maybe,3,Yes,2,Yes,3,Yes,5,Yes,5
147,18-24,Female,United Kingdom,Undergraduate,Design / Creative Work,Rarely / Never,Disagree,Disagree,Disagree,,Disagree,"A budgeting tool that shows how much as spent on impulsively bought items online, or a browser extension like honey but instead of coupons it gives a reminder to think and reflect before checkout on an online store.",No,3,Yes,5,Yes,4,No,4,Yes,5,Yes,5,No,4,No,4,No,3,No,3,No,4,No,4,No,2,Yes,4,Yes,4,Yes,2,No,4,No,4,No,5,Yes,5,Yes,4
148,18-24,Female,Sweden,Secondary / High School,Arts / Entertainment,2-3 times a month,Agree,Agree,Agree,Clothing and Accessories|Books and Media,Agree,,Yes,4,Yes,5,Yes,4,No,2,Yes,5,Yes,5,No,4,No,3,Yes,4,Yes,4,No,3,No,4,No,4,Yes,4,No,3,No,3,Yes,4,No,4,Yes,5,No,4,No,5
149,18-24,Female,Netherlands,Secondary / High School,Technology / IT,Once every three months,Agree,Agree,Strongly agree,Clothing and Accessories|Toys and Games,Agree,Don't make shipping free after spending x money,Yes,4,No,1,No,1,Yes,2,Yes,4,Yes,5,No,1,No,4,Yes,5,Yes,5,No,1,No,1,No,4,Yes,4,No,4,Yes,4,Yes,5,No,1,No,2,No,3,Yes,3
150,25-34,Male,Netherlands,Graduate / Postgraduate,Retail / Sales,Once every three months,Disagree,Disagree,Disagree,Electronics and Gadgets|Clothing and Accessories,Disagree,,Yes,5,Maybe,4,Yes,3,Yes,2,Yes,4,No,2,No,2,Maybe,5,Yes,4,Maybe,4,No,2,Yes,2,Yes,4,No,4,No,3,Yes,5,No,1,Yes,3,No,4,No,2,No,2
151,25-34,Male,Denmark,Graduate / Postgraduate,Technology / IT,Once every three months,Strongly disagree,Strongly disagree,Strongly disagree,Electronics and Gadgets|Clothing and Accessories|Sports and Fitness Equipment,Strongly disagree,,No,,No,,No,,No,,Yes,,Yes,5,No,,No,,No,,No,,No,,No,,No,,No,,No,,No,,No,,Yes,5,No,,No,,No,
152,18-24,Non-binary / Gender diverse,United States,Undergraduate,Design / Creative Work,Rarely / Never,Strongly disagree,Neither agree nor disagree,Neither agree nor disagree,Clothing and Accessories|Food and Beverages,Neither agree nor disagree,"definitely incorporating the THINK method or something similar, personally I am not an impulse purchaser bc I am hella broke but also bc I am intentional with what I buy. Thinking about why I want the thing, how much it costs (especially with relation to my other needs like food, entertainment, household), if it would last, the ethical impact of the item (fast fashion? sweat shops? ecological?). Maybe a feature that encourages consumers to wait before they buy? like if I want something I usually put it in my cart, if I'm still thinking about it later, then i know I can buy it. 
I will say I am obvi not a big impulse purchaser so I'm not exactly the target demographic LOL",Yes,3,Yes,5,Yes,4,No,1,Yes,5,Yes,3,Yes,5,Yes,3,Yes,5,Yes,2,No,3,No,3,No,2,Yes,2,Yes,3,Yes,5,Yes,5,Maybe,3,Yes,5,Yes,5,Yes,3
153,35-44,Female,Denmark,Full-time Employee,Healthcare / Medical,Once a month,Disagree,Disagree,Disagree,Electronics and Gadgets|Health and Beauty Products,Disagree,,Yes,5,No,3,Yes,4,No,3,No,3,No,3,No,3,No,3,No,3,Yes,5,No,3,No,3,No,3,No,3,No,3,No,3,No,3,Yes,5,Yes,4,Yes,4,No,3
155,18-24,Female,United States,Undergraduate,Arts / Entertainment,Once every three months,Disagree,Disagree,Disagree,Clothing and Accessories|Health and Beauty Products|Books and Media,Neither agree nor disagree,Maybe something that reminds me of how much money I could save?,Yes,5,Yes,4,Yes,5,Yes,3,Yes,5,Maybe,2,No,4,No,1,Yes,5,Maybe,3,No,2,No,1,No,1,No,5,Maybe,3,Yes,3,Yes,3,Yes,5,Yes,4,Yes,4,No,1
156,18-24,Female,Australia,Undergraduate,No industry,Once a week,Strongly agree,Strongly agree,Agree,Clothing and Accessories|Books and Media|Food and Beverages|Home and Garden,Agree,,Yes,2,No,4,No,3,No,3,Yes,1,Yes,1,No,1,No,1,No,1,No,4,No,5,No,4,No,4,No,4,No,1,Yes,2,No,4,No,2,No,4,No,4,No,3
157,25-34,Male,Ireland,Undergraduate,No industry,2-3 times a month,Neither agree nor disagree,Agree,Neither agree nor disagree,Food and Beverages,Agree,,Yes,2,Yes,4,No,2,No,4,No,3,No,3,No,2,Yes,4,Yes,2,Yes,4,No,2,No,3,No,4,Yes,4,No,3,Yes,4,Yes,3,No,4,No,3,Yes,2,Yes,4
158,25-34,Other,Denmark,Part-time Employee,Other,2-3 times a month,Agree,Agree,Neither agree nor disagree,Electronics and Gadgets|Clothing and Accessories|Health and Beauty Products|Toys and Games|Home and Garden|Food and Beverages,Agree,,Yes,3,Yes,4,Maybe,3,No,3,Yes,4,Yes,3,No,2,Maybe,3,Maybe,3,Maybe,3,No,4,No,3,Maybe,3,Maybe,3,No,3,Yes,4,Maybe,4,Yes,4,Yes,4,Yes,3,No,3
159,25-34,Male,Norway,Graduate / Postgraduate,Technology / IT,Once a month,Agree,Disagree,Disagree,Clothing and Accessories|Health and Beauty Products|Books and Media|Sports and Fitness Equipment|Food and Beverages,Strongly disagree,,Yes,4,No,4,No,4,No,1,Yes,3,Yes,4,No,1,Yes,3,Yes,3,Yes,3,No,2,No,2,No,2,Yes,4,Yes,2,Yes,5,No,2,Yes,3,No,3,No,3,No,2
160,55-64,Female,Denmark,Part-time Employee,Education / Academic,2-3 times a month,Disagree,Agree,Disagree,Food and Beverages|Clothing and Accessories|Books and Media,Agree,,Yes,5,Yes,4,Yes,5,Yes,2,Yes,5,Yes,5,Yes,4,No,,Yes,4,Yes,4,Yes,4,Yes,4,Yes,4,No,,No,,Yes,2,No,,Yes,5,Yes,5,Maybe,3,Yes,3
161,18-24,Male,Germany,Undergraduate,Finance / Accounting,2-3 times a month,Neither agree nor disagree,Strongly disagree,Disagree,Books and Media|Food and Beverages,Disagree,"A tool that makes you start thinking about the purchase you are about to do. 
Maybe a history of your past purchases popping up before a transaction goes through.",Yes,5,No,3,Yes,4,No,1,Yes,5,Yes,4,No,5,Yes,4,Yes,4,No,4,No,3,No,5,No,4,No,3,No,3,No,1,Yes,2,Yes,4,Yes,4,Yes,4,No,4
162,18-24,Female,United States,Undergraduate,No industry,2-3 times a month,Agree,Agree,Disagree,Clothing and Accessories|Health and Beauty Products|Food and Beverages|Toys and Games|Sports and Fitness Equipment,Agree,"Allows users to set monthly shopping budgets. For instance, when they consider a purchase, it shows how it impacts their overall budget. ",Yes,3,Yes,5,No,3,No,4,Yes,2,No,1,No,1,No,4,No,2,No,3,No,2,No,2,Yes,3,No,4,No,2,Yes,3,Yes,2,Yes,5,No,2,No,3,Yes,4
163,25-34,Female,France,Full-time Employee,Education / Academic,Once a month,Strongly agree,Strongly agree,Strongly agree,Health and Beauty Products|Home and Garden|Clothing and Accessories|Books and Media,Strongly agree,,Yes,1,Yes,5,Yes,2,No,4,Yes,5,Yes,4,Maybe,3,No,4,No,2,No,1,Yes,5,No,4,No,3,Yes,3,Yes,4,No,2,No,5,Yes,5,Yes,5,No,5,No,4
164,18-24,Male,United Kingdom,Undergraduate,Technology / IT,Once every three months,Disagree,Disagree,Strongly disagree,Electronics and Gadgets|Toys and Games,Strongly disagree,,Yes,3,Yes,5,Yes,1,No,1,Yes,5,Yes,3,No,1,No,1,Yes,4,Yes,2,No,1,Yes,3,Yes,4,No,4,Yes,1,Yes,3,No,2,Yes,2,Yes,2,Yes,1,No,2
165,35-44,Male,Germany,Unemployed,No industry,Rarely / Never,Strongly disagree,Strongly disagree,Neither agree nor disagree,,Strongly disagree,I think the best measure would be to make most kinds of advertising illegal and strictly regulate how shopping websites can be designed ,Yes,5,No,,No,,No,,Yes,2,No,,No,,Yes,5,Yes,5,Yes,5,No,,No,,No,,No,,No,,No,,No,,No,,Yes,4,Yes,4,No,
166,18-24,Female,Sierra Leone,Undergraduate,No industry,Once a month,Disagree,Disagree,Disagree,,Neither agree nor disagree,,Yes,2,Yes,4,Yes,5,No,1,Yes,3,No,1,No,2,No,1,Yes,2,No,2,No,2,No,3,Yes,5,Yes,4,No,2,Yes,3,Yes,5,Yes,2,No,1,Yes,4,Yes,3
167,25-34,Female,Canada,Graduate / Postgraduate,Education / Academic,Rarely / Never,Strongly disagree,Neither agree nor disagree,Strongly disagree,Health and Beauty Products|Travel and Experiences,Neither agree nor disagree,,Yes,5,Yes,5,Yes,5,Yes,5,Yes,5,Yes,4,Yes,5,No,,Yes,5,Yes,4,Yes,5,Yes,5,Yes,5,Yes,5,Yes,4,Yes,5,Yes,5,Yes,5,Yes,5,Yes,3,Yes,5
168,45-54,Male,United States,Full-time Employee,Arts / Entertainment,Rarely / Never,Strongly disagree,Strongly disagree,Neither agree nor disagree,Travel and Experiences,Disagree,,Yes,5,No,5,Yes,4,No,3,Yes,3,No,3,No,5,No,2,Yes,4,Yes,4,No,5,No,3,No,4,Yes,5,No,4,No,4,Yes,5,No,3,No,3,No,3,No,3
169,35-44,Female,Malaysia,Full-time Employee,Education / Academic,2-3 times a month,Strongly agree,Strongly agree,Strongly agree,Clothing and Accessories|Health and Beauty Products|Food and Beverages,Strongly agree,"Maybe cooling off period for the transaction, delay immediate checkout process ",Yes,3,No,4,Yes,4,Yes,4,Yes,2,No,3,Yes,4,Yes,4,Yes,4,Yes,2,No,5,Yes,4,Yes,4,Yes,3,No,3,Yes,2,Yes,2,Yes,4,Yes,4,No,2,No,4
170,35-44,Male,Denmark,Part-time Employee,Technology / IT,Rarely / Never,Strongly disagree,Neither agree nor disagree,Agree,Clothing and Accessories|Health and Beauty Products|Food and Beverages|Books and Media,Agree,,Yes,4,No,3,No,5,No,1,No,3,Yes,5,No,2,No,3,Yes,1,No,2,No,2,Yes,4,Yes,4,Yes,4,Yes,4,Yes,3,No,2,No,3,Yes,2,Maybe,2,No,3
172,25-34,Male,Slovenia,Full-time Employee,Finance / Accounting,Rarely / Never,Strongly disagree,Strongly disagree,Disagree,Toys and Games,Disagree,nope,No,,No,,No,,No,,No,,No,,No,,No,,No,,No,,No,,No,,No,,No,,No,,No,,No,,No,4,No,,No,,No,
173,35-44,Prefer not to say,Canada,Prefer not to say,No industry,Once a week,Neither agree nor disagree,Neither agree nor disagree,Neither agree nor disagree,Books and Media|Electronics and Gadgets,Neither agree nor disagree,,Yes,4,Yes,2,Yes,4,Yes,4,Yes,4,No,1,No,1,No,1,No,1,Yes,4,No,1,No,1,No,1,Yes,4,No,1,No,3,Maybe,3,Yes,3,No,1,No,1,Yes,4
174,25-34,Female,Denmark,Full-time Employee,Other,2-3 times a month,Neither agree nor disagree,Agree,Neither agree nor disagree,Clothing and Accessories|Health and Beauty Products,Strongly agree,"Maybe a feature that could count what I would save if I did not buy it and what I could possibly earn if I, for example, invested the money instead. ",Yes,4,Yes,3,Yes,4,No,4,Yes,5,Maybe,3,No,3,No,3,Yes,3,Yes,3,No,4,Maybe,4,Yes,3,Yes,4,No,3,No,4,No,3,Yes,4,Maybe,4,No,4,No,3
175,25-34,Prefer not to say,Denmark,Full-time Employee,Technology / IT,Once a month,Agree,Agree,Agree,Clothing and Accessories|Health and Beauty Products,Strongly agree,,Yes,4,Yes,4,Yes,2,No,4,Yes,4,Yes,4,Yes,2,Yes,3,Yes,3,Yes,4,No,5,No,4,No,4,No,3,No,3,No,4,No,3,Yes,4,No,3,No,4,No,4
176,45-54,Male,United States,Full-time Employee,Manufacturing / Construction,Rarely / Never,Neither agree nor disagree,Agree,Neither agree nor disagree,Books and Media,Disagree,"I know this is not realistic, but ban advertising and mind cynical manipulation tactics used by social media to short-circuit our brains to increase chances we will react on impulse. ",Yes,4,Maybe,4,Yes,3,Maybe,3,Yes,3,Maybe,2,Yes,4,Yes,3,Yes,4,Maybe,3,Yes,5,No,3,No,3,No,3,No,2,Yes,4,Yes,3,Maybe,3,Yes,4,Yes,5,Yes,4
177,25-34,Male,Denmark,Full-time Employee,Technology / IT,Rarely / Never,Disagree,Strongly disagree,Neither agree nor disagree,Books and Media|Electronics and Gadgets,Agree,,No,3,No,3,Yes,4,No,3,Yes,4,Yes,3,No,4,Yes,5,Yes,5,Yes,4,No,3,No,4,No,3,Yes,5,Yes,4,No,3,No,2,Yes,4,No,4,No,2,No,2
178,25-34,Male,Denmark,Full-time Employee,Technology / IT,Rarely / Never,Disagree,Neither agree nor disagree,Neither agree nor disagree,Electronics and Gadgets,Agree,"I would separate into two: One is preventing impulse shopping in the moment, another is providing insights into how much I have spent on impulse shopping the last X days/months.",Yes,5,No,5,Yes,4,No,4,Yes,5,Yes,3,Maybe,3,Yes,5,Yes,4,Yes,5,No,5,No,5,No,5,No,5,No,3,No,4,Yes,3,Maybe,4,Maybe,3,No,3,No,2
179,25-34,Male,United States,Full-time Employee,Technology / IT,Multiple times a week,Agree,Agree,Agree,Clothing and Accessories|Electronics and Gadgets|Health and Beauty Products|Toys and Games|Sports and Fitness Equipment|Food and Beverages,Neither agree nor disagree,How do you make it easy with least amount of nudging? Because there are many block app blockers out there which are already enough. Would prefer a leaner better way :),Maybe,2,Maybe,2,Yes,3,Maybe,2,Yes,2,Maybe,3,No,1,Maybe,2,Yes,3,Yes,3,Yes,1,Yes,4,Yes,4,Yes,3,Yes,3,Yes,4,Maybe,2,Yes,4,No,2,Maybe,3,Yes,3
180,18-24,Female,India,Undergraduate,No industry,Once every three months,Disagree,Disagree,Disagree,Health and Beauty Products|Food and Beverages,Neither agree nor disagree,,Yes,5,Yes,5,Yes,5,No,4,Yes,5,No,3,No,5,No,2,Yes,5,No,3,No,3,No,3,Yes,4,Yes,5,No,3,No,4,Yes,4,Yes,4,No,3,No,4,Yes,5
181,18-24,Female,India,Undergraduate,No industry,Once a month,Agree,Agree,Neither agree nor disagree,Clothing and Accessories|Food and Beverages,Disagree,,Yes,5,Yes,4,Yes,4,Maybe,3,Yes,5,Yes,5,No,3,No,3,Yes,5,Yes,5,No,1,No,3,Maybe,2,Yes,5,Yes,4,No,1,Yes,3,Yes,4,No,3,Yes,5,Yes,4
182,25-34,Female,Canada,Full-time Employee,Technology / IT,Once every three months,Disagree,Agree,Disagree,Books and Media|Health and Beauty Products|Home and Garden,Neither agree nor disagree,"I use my bookmarks to save items I feel like buying and later go through and delete most of them. I like to me digitally minimal so I find it stressful to have items in the bookmarks folder to begin with, so it would be helpful to have something that can store the links to product pages and have the same function but I don't have to look at everyday (like if the app was a Chrome extension, I don't need any link in bookmarks; or if it was a website, I only have 1 link instead of 20). I also would like pictures because then I can easily compare the items and may not even have to click the link to know ""actually I do or don't want this."" I also find those extra steps you need to do to pay online are good deterrents! E.g. not keeping my credit cards saved and manually typing it in every time makes me think more about a purchase as I feel ""more guilty"" and ""more anxious"" when buying things I want but don't need. Perhaps a  popup that asks ""do you really want this?"" or shows how the purchase amount would affect my finances would make me reconsider those few impulse purchases that slip through the cracks of my control.",Yes,5,Yes,5,Yes,4,Yes,3,Yes,4,No,2,Yes,5,Yes,5,Yes,4,Yes,4,No,2,Yes,3,No,2,Yes,2,Yes,3,Yes,5,Maybe,3,No,2,Yes,5,Yes,5,Yes,4
183,18-24,Female,Netherlands,Undergraduate,Finance / Accounting,Once a week,Disagree,Neither agree nor disagree,Neither agree nor disagree,Clothing and Accessories|Health and Beauty Products|Food and Beverages,Neither agree nor disagree,,Yes,5,Yes,5,Yes,4,Yes,4,Yes,4,Yes,4,No,1,Yes,2,Yes,3,Yes,5,No,2,No,3,Yes,4,Yes,5,No,3,Yes,4,Yes,3,Yes,4,No,3,No,3,Yes,5
184,25-34,Male,Sweden,Full-time Employee,Technology / IT,Once every three months,Strongly disagree,Strongly agree,Strongly disagree,Electronics and Gadgets|Books and Media,Neither agree nor disagree,,Yes,1,Yes,5,No,3,No,,Yes,5,No,4,Yes,3,Yes,5,Yes,2,Yes,1,No,,No,4,No,3,Yes,4,Maybe,3,Yes,2,Yes,3,Yes,5,Yes,4,Yes,3,No,
186,18-24,Female,Netherlands,Undergraduate,Arts / Entertainment,Once a month,Neither agree nor disagree,Agree,Agree,Electronics and Gadgets|Clothing and Accessories|Health and Beauty Products|Toys and Games|Travel and Experiences,Agree,Maybe a tool that tracks your expenses? ,Yes,5,No,4,Yes,4,No,2,Yes,3,Yes,4,No,3,No,4,Yes,4,Yes,5,No,4,No,5,Yes,5,Yes,5,Yes,4,Yes,5,Yes,4,Yes,5,No,4,Yes,4,Yes,3
187,25-34,Non-binary / Gender diverse,Denmark,Prefer not to say,Technology / IT,Once a month,Neither agree nor disagree,Agree,Agree,Electronics and Gadgets|Books and Media,Strongly agree,,Yes,4,Yes,5,Yes,3,No,2,Yes,3,Yes,4,No,4,Yes,5,Yes,4,No,3,No,2,No,3,No,4,No,3,Yes,3,No,2,Yes,4,Yes,3,Yes,4,Yes,3,No,2
188,25-34,Male,Denmark,Graduate / Postgraduate,Other,Rarely / Never,Disagree,Neither agree nor disagree,Agree,Clothing and Accessories|Electronics and Gadgets,Neither agree nor disagree,"Reducing adds that look like social media posts. Introducing a pop up that reminds you, that you are going to a shop so you can change your mind",Yes,3,Maybe,5,No,5,Yes,4,Yes,3,Yes,4,No,5,Yes,5,Yes,5,Yes,4,No,4,No,2,Yes,5,No,3,Maybe,5,Yes,5,Maybe,5,Yes,5,Yes,4,Maybe,5,No,4
189,18-24,Female,Denmark,Part-time Employee,Government / Public Sector,Rarely / Never,Strongly disagree,Neither agree nor disagree,Strongly disagree,Travel and Experiences,Neither agree nor disagree,Desactivate if that's even possible targeted ads on social media,Yes,5,No,2,Yes,4,No,2,No,1,Yes,4,No,3,Yes,5,Yes,5,No,1,No,5,No,2,Yes,3,No,3,No,1,Yes,4,No,3,No,1,Yes,5,No,1,No,2
190,25-34,Male,Denmark,Graduate / Postgraduate,Technology / IT,Rarely / Never,Strongly disagree,Strongly disagree,Strongly disagree,Electronics and Gadgets|Toys and Games,Strongly disagree,"Something that reminds you, when you're in the shopping cart, whether you actually need this item. Maybe an exercise, if you see yourself using this item 1 year from now.",Yes,4,Yes,4,Yes,4,No,3,Yes,4,Yes,4,No,3,Yes,5,Yes,4,Yes,4,No,4,No,2,Yes,4,No,4,Maybe,3,No,4,No,3,Yes,5,No,3,No,3,Maybe,3
193,25-34,Male,Denmark,Self-employed / Business Owner,Technology / IT,Once a week,Neither agree nor disagree,Agree,Neither agree nor disagree,Toys and Games|Books and Media,Disagree,"Maybe something that hooks into the checkout step, and tells you what you could be spending the money on instead.",Yes,4,No,3,Yes,5,No,2,Yes,3,Yes,4,No,3,Yes,1,Yes,4,Yes,4,No,3,Maybe,3,No,3,Yes,4,No,1,Maybe,3,Maybe,3,Yes,3,No,1,No,1,No,2
194,25-34,Male,Denmark,Full-time Employee,Technology / IT,Once a week,Disagree,Agree,Disagree,Food and Beverages|Clothing and Accessories|Toys and Games,Strongly agree,,Yes,3,No,4,Yes,4,No,4,Yes,5,Yes,3,No,4,Yes,5,No,5,Yes,5,No,3,No,3,No,3,Yes,3,Yes,4,Yes,4,No,2,No,2,Yes,1,Yes,4,No,3
197,25-34,Female,Denmark,Graduate / Postgraduate,Non-profit / Social Work,Once a month,Disagree,Neither agree nor disagree,Disagree,Clothing and Accessories|Food and Beverages,Agree,,Yes,3,No,3,Maybe,3,No,1,Yes,2,Yes,4,No,3,No,5,Yes,4,Yes,3,No,4,No,1,Yes,4,Yes,4,Yes,3,No,2,No,4,Yes,4,Yes,5,No,1,No,4
199,18-24,Male,Denmark,Graduate / Postgraduate,Education / Academic,Rarely / Never,Strongly disagree,Strongly disagree,Strongly disagree,,Strongly disagree,"Show amount of money spent in the past week, month, year on online shopping",No,1,No,4,No,1,No,2,No,4,Yes,4,No,2,No,1,No,4,No,2,No,3,No,1,No,3,No,5,No,4,No,4,No,1,No,1,No,3,No,1,No,1
200,25-34,Female,Denmark,Undergraduate,Design / Creative Work,Rarely / Never,Disagree,Disagree,Disagree,Clothing and Accessories,Neither agree nor disagree,,Yes,4,No,4,Yes,4,Maybe,1,Yes,3,Yes,3,Yes,4,Yes,4,Yes,4,Yes,4,No,4,No,4,No,4,No,3,No,2,Yes,4,No,1,Yes,4,Yes,2,Yes,3,No,2
201,25-34,Female,Denmark,Undergraduate,Education / Academic,Rarely / Never,Disagree,Disagree,Neither agree nor disagree,Clothing and Accessories,Neither agree nor disagree,,Yes,5,Yes,5,No,3,No,2,Yes,3,Maybe,4,No,4,No,5,No,3,Maybe,4,No,3,No,1,No,2,No,2,No,1,Yes,3,No,2,Yes,5,Yes,4,No,2,Maybe,3
202,25-34,Male,Denmark,Undergraduate,Other,2-3 times a month,Strongly agree,Strongly agree,Disagree,Clothing and Accessories|Travel and Experiences|Electronics and Gadgets,Disagree,"A therapist if anything, lol.
Prohibiton and "" gamble / drink / smoke responsibly "" rarely helps if you know what you're going to do anyways, I see it as an addiction so I can't say for sure.",Yes,5,Yes,2,Maybe,3,Yes,3,Yes,4,Yes,5,Yes,2,No,4,Maybe,3,Yes,2,No,2,No,1,Yes,4,Yes,4,No,3,Yes,4,Yes,3,Yes,4,No,1,No,3,Yes,3
203,18-24,Male,Denmark,Undergraduate,Healthcare / Medical,Once a month,Neither agree nor disagree,Neither agree nor disagree,Strongly disagree,Electronics and Gadgets|Clothing and Accessories,Neither agree nor disagree,,Yes,5,Yes,5,Yes,5,No,1,No,1,Yes,4,No,1,No,2,Yes,4,Yes,5,No,1,No,3,No,1,Yes,5,No,1,Yes,5,Yes,4,Yes,3,Yes,3,Yes,5,No,3
204,25-34,Male,Denmark,Undergraduate,Technology / IT,2-3 times a month,Neither agree nor disagree,Agree,Neither agree nor disagree,Electronics and Gadgets|Clothing and Accessories|Sports and Fitness Equipment|Travel and Experiences,Strongly agree,,Yes,3,No,3,Yes,3,No,4,Yes,2,Yes,2,No,5,No,4,Yes,4,Yes,4,No,3,No,4,No,4,Yes,4,Yes,2,No,5,No,2,Yes,2,Yes,3,Yes,4,Yes,3
205,18-24,Male,France,Graduate / Postgraduate,Finance / Accounting,Rarely / Never,Strongly disagree,Strongly disagree,Disagree,Travel and Experiences|Toys and Games,Neither agree nor disagree,Something connected to Apple Pay ,Yes,5,Yes,4,Yes,5,Yes,3,Yes,4,Yes,5,No,3,No,4,Yes,4,Yes,4,No,4,No,3,Yes,4,Yes,4,Yes,4,No,2,No,4,No,3,No,4,No,4,No,3
206,18-24,Male,Germany,Undergraduate,Finance / Accounting,Once a month,Neither agree nor disagree,Agree,Disagree,Electronics and Gadgets|Clothing and Accessories|Health and Beauty Products|Food and Beverages|Sports and Fitness Equipment,Agree,,Yes,2,No,,Yes,3,No,,Yes,5,Yes,4,No,,Yes,3,No,,Yes,3,No,,No,,No,,No,,Yes,2,Yes,2,No,,Yes,2,No,,No,,No,
207,55-64,Female,Denmark,Unemployed,Finance / Accounting,Rarely / Never,Disagree,Neither agree nor disagree,Neither agree nor disagree,Home and Garden,Disagree,"A message displaying a warning on the screen. An amount of online shopping for the month, but it only works if you only buy from one pc or mobile. ",Yes,4,Yes,4,Yes,4,No,3,Yes,5,Yes,4,Yes,4,Yes,4,Yes,4,No,4,Yes,4,No,4,No,4,Yes,4,Yes,3,Yes,4,Yes,3,No,3,Yes,4,Yes,4,No,4
208,18-24,Male,Denmark,Graduate / Postgraduate,Technology / IT,Rarely / Never,Strongly disagree,Neither agree nor disagree,Strongly disagree,Toys and Games,Strongly disagree,make it annoying or difficult to perform the purchase,No,2,No,4,Yes,4,No,4,No,2,No,2,No,4,No,3,No,2,No,2,No,5,No,1,No,2,No,3,No,1,Yes,3,No,2,No,2,No,4,No,3,No,3
209,18-24,Male,Denmark,Graduate / Postgraduate,Technology / IT,Once a month,Agree,Agree,Disagree,Electronics and Gadgets|Clothing and Accessories|Sports and Fitness Equipment,Strongly agree,,Yes,3,No,5,Yes,4,No,2,Yes,4,Yes,5,No,4,No,4,Yes,3,Yes,4,No,2,No,5,No,4,No,4,Yes,3,Yes,4,No,4,No,1,No,2,No,1,No,1
210,25-34,Male,Denmark,Graduate / Postgraduate,Technology / IT,Once every three months,Disagree,Neither agree nor disagree,Neither agree nor disagree,Travel and Experiences,Agree,Any feature that could somehow remind/block the user that they are about to do something impulsively. Could be some simple kind of blocker/reminder tool :),Yes,3,No,4,No,2,No,3,Yes,5,Yes,4,No,3,Yes,3,No,3,Yes,3,No,4,No,4,No,3,Yes,3,Yes,4,Yes,4,No,3,Yes,3,Yes,3,Yes,4,No,3
212,25-34,Male,Denmark,Graduate / Postgraduate,No industry,Rarely / Never,Strongly disagree,Strongly disagree,Strongly disagree,Clothing and Accessories|Toys and Games|Books and Media,Strongly disagree,,No,4,No,3,Yes,3,No,4,Yes,4,Yes,4,Yes,4,Yes,4,No,3,No,3,No,3,No,2,No,3,No,4,No,3,No,2,No,3,No,2,No,4,Yes,4,No,3
213,55-64,Male,Denmark,Graduate / Postgraduate,Technology / IT,Once every three months,Strongly disagree,Neither agree nor disagree,Disagree,Clothing and Accessories|Sports and Fitness Equipment,Strongly disagree,,Yes,5,Yes,4,No,2,No,1,Yes,4,Yes,4,No,1,Yes,3,Yes,3,Yes,4,No,1,No,2,No,1,No,1,No,1,Yes,3,Maybe,3,No,4,Yes,2,Maybe,2,No,2
214,18-24,Male,Denmark,Graduate / Postgraduate,Technology / IT,Once a month,Disagree,Neither agree nor disagree,Disagree,Electronics and Gadgets|Toys and Games|Food and Beverages,Disagree,Maybe some annoying chrome extension that will delay the purchase for a day and then you can revisit the shopping cart? ,No,1,No,4,Yes,5,Maybe,2,Yes,3,Yes,4,Yes,1,Yes,3,Yes,4,Yes,4,No,2,No,1,No,4,No,4,No,3,Yes,4,Yes,4,Maybe,2,No,1,Yes,3,Maybe,3
216,25-34,Male,Denmark,Graduate / Postgraduate,Technology / IT,Rarely / Never,Strongly disagree,Strongly disagree,Strongly disagree,Electronics and Gadgets,Neither agree nor disagree,,Yes,4,Yes,4,Yes,5,No,3,Yes,4,Yes,2,No,3,Yes,5,Yes,4,No,3,No,3,No,3,No,3,No,3,Maybe,3,Yes,3,No,3,Yes,3,No,3,No,3,No,3
217,25-34,Female,Denmark,Full-time Employee,Technology / IT,2-3 times a month,Agree,Neither agree nor disagree,Neither agree nor disagree,Clothing and Accessories|Health and Beauty Products|Sports and Fitness Equipment,Agree,Something similar to the one-sec app for anti-impulse app usage :)),Yes,3,Yes,4,No,,Yes,1,Yes,4,Yes,5,No,3,Yes,2,Yes,5,Yes,3,No,3,No,3,No,,No,2,Yes,4,Yes,3,Yes,4,Yes,3,Yes,5,Yes,4,No,
218,18-24,Male,Denmark,Undergraduate,Manufacturing / Construction,Once every three months,Disagree,Disagree,Neither agree nor disagree,Travel and Experiences|Food and Beverages|Clothing and Accessories,Neither agree nor disagree,Some sort of reflection tool that helps you understand your needs and if the purchase is necessary or negligible. ,Yes,4,No,,Yes,5,No,,Yes,3,Yes,5,No,,Yes,2,Yes,4,Yes,4,No,,No,,No,,Yes,2,Yes,4,Yes,5,Yes,3,Yes,2,Yes,4,Yes,5,Maybe,3
219,25-34,Female,Denmark,Graduate / Postgraduate,Other,Once a month,Neither agree nor disagree,Agree,Disagree,Clothing and Accessories|Travel and Experiences,Agree,Feed and ad blocking (e.g. BeTimeful and ad-blockers in general),Yes,4,Yes,4,No,4,Yes,3,Yes,3,Yes,5,No,2,Yes,3,Yes,4,Yes,4,Yes,3,Yes,4,Yes,5,Yes,4,No,3,Yes,4,Yes,5,Yes,5,Yes,5,Yes,4,Yes,4
220,25-34,Female,Denmark,Graduate / Postgraduate,Retail / Sales,Once a month,Agree,Strongly agree,Neither agree nor disagree,Clothing and Accessories|Health and Beauty Products,Strongly agree,,Yes,4,Yes,4,Yes,2,No,1,Yes,4,Yes,4,No,1,No,5,Yes,3,Yes,3,No,3,No,1,No,4,Yes,3,No,1,Yes,1,Yes,2,No,1,No,3,No,2,Yes,5
